Condition,KEEP,ASSOCIATION,DIFF
Epistaxis,B461; G245; G973; G9731; G9732; H010; H0523; H05231; H05232; H05233; H0542; H05423; H105; H113; H1131; H1132; H1133; H356; H3561; H3562; H3563; H431; H4481; H44813; H4702; H47021; H47022; H47023; H47029; H59113; H922; H9223; H952; H9521; H9522; H954; H9541; H9542; I780; I8501; J33; J330; J341; J348; J3481; J3489; J9501; J956; J9561; J9562; K2080; K2081; K2091; K2100; K2101; K2210; K2211; K250; K254; K260; K264; K280; K284; K2941; K51311; K625; K920; K9411; K9421; K9431; N99510; N996; N9961; N9962; O20; P260; P51; P510; P518; P52; P528; P53; P54; P542; P546; P548; P581; R04; R040; R041; R042; R048; R0481; R0489; R049; R0981; R130; S0031; S0032; S0032XA; S0032XD; S0032XS; S0033; S0033XA; S0033XD; S0033XS; S022; S022XXA; S022XXB; S022XXD; S022XXG; S022XXK; S0881; S08811A; S08811D; S08811S; T8283; T82837A; T82837D; T82838A; T8383XA; T8383XD; T8483XA; T85830; T85830A; T85830D; T85830S; T85838A; T85838D; T8583XA,Not Applicable,Not Applicable
Intracranial Pressure,C441021; C441921; C441922; C71; C710; C715; C717; C718; C719; C72; C793; C7931; C7932; D159; D169; D1802; D231; D2310; D2311; D23111; D23112; D23121; D320; D329; D33; D330; D331; D332; D334; D337; D339; D43; D430; D431; D473; D57413; D72110; D72119; E08311; E08319; E08321; E083211; E083213; E083219; E08329; E083291; E083292; E083293; E083299; E08331; E083311; E083312; E083313; E083319; E08339; E083391; E083392; E083393; E083399; E083411; E083413; E083419; E08349; E083491; E083493; E083499; E083599; E0837X9; E093211; E093213; E093219; E09329; E093291; E093293; E093299; E09331; E093311; E093313; E093319; E09339; E093391; E093393; E093399; E093411; E093413; E093419; E093491; E093493; E093499; E103213; E103293; E103313; E103319; E103391; E103393; E103399; E103413; E103493; E113213; E113293; E113299; E113313; E113319; E11339; E113391; E113393; E113399; E113493; E113499; E133313; E133393; E360; E3601; E3602; G06; G060; G07; G08; G403; G4030; G40301; G40309; G4031; G40311; G40319; G404; G4040; G40401; G40409; G4041; G40411; G40419; G405; G4050; G40501; G40509; G40804; G4351; G43511; G43519; G43601; G4361; G43611; G43619; G43C1; G44201; G44209; G44211; G44219; G44221; G44229; G44301; G44311; G44321; G4440; G4441; G45; G458; G459; G46; G468; G912; G93; G932; G935; G936; G96; G9681; G96810; G96811; G96819; G97; G972; G973; G9731; G9732; G975; G9752; G978; G9783; G9784; H02841; H02843; H052; H05221; H05223; H05241; H05243; H05249; H05259; H11059; H18219; H18223; H18229; H4005; H40051; H40052; H40053; H40059; H401111; H401131; H401191; H401210; H401211; H401212; H401213; H40123; H401230; H401231; H401232; H401233; H401291; H401292; H401293; H4030X1; H4030X2; H4031X0; H4031X1; H4031X2; H4032X1; H4033; H4033X0; H4033X1; H4033X2; H4040; H4040X0; H4040X1; H4040X2; H4040X3; H4041X0; H4041X1; H4041X2; H4042X1; H4043; H4043X0; H4043X1; H4043X2; H4043X3; H4050; H4050X0; H4050X1; H4050X2; H4050X3; H4051; H4051X0; H4051X1; H4051X2; H4051X3; H4052X0; H4052X1; H4052X2; H4053; H4053X0; H4053X1; H4053X2; H4053X3; H4060X1; H4060X2; H4061X1; H4061X2; H4062X1; H4063X1; H4081; H40811; H40812; H40813; H40819; H44433; H44439; H44793; H4702; H47021; H47023; H47029; H4711; H4712; H47639; H47649; H591; H5911; H59111; H59112; H59113; H59119; H5912; H59121; H59122; H59123; H59129; H593; H5931; H59311; H59312; H59313; H59319; H5932; H59321; H59322; H59323; H59329; H5933; H59331; H59333; H59339; H59341; H59343; H5940; H60329; H6043; H61; H61003; H61013; H61019; H61023; H61029; H61893; H6193; H7583; H811; H8110; H8111; H8113; H95; H952; H9521; H9522; H954; H9541; H9542; H9551; H9552; H958; I10; I11; I130; I1310; I150; I158; I270; I2723; I2724; I600; I6000; I6001; I6002; I601; I6010; I6011; I6012; I602; I6020; I6021; I6022; I603; I6030; I6031; I6032; I604; I606; I607; I61; I610; I611; I612; I613; I614; I615; I616; I618; I619; I62; I6201; I6203; I629; I63031; I63033; I63113; I6312; I6313; I63131; I63132; I63133; I63139; I63213; I6322; I6323; I63231; I63233; I634; I6340; I6341; I63411; I63413; I63419; I6342; I63423; I63429; I63433; I6349; I6351; I63511; I63513; I63521; I63523; I63533; I636; I674; I676; I6785; I69015; I69018; I69019; I6905; I691; I6910; I6911; I69110; I69111; I69113; I69114; I69115; I69118; I69119; I6912; I69121; I69122; I69128; I6915; I69151; I69152; I69153; I69154; I69159; I6916; I69165; I69169; I6919; I69191; I69192; I69198; I692; I6920; I6921; I69210; I69211; I69212; I69213; I69214; I69215; I69218; I69219; I6922; I69220; I69221; I69222; I69228; I6925; I69251; I69252; I69253; I69254; I69259; I6926; I69265; I69269; I6929; I69291; I69292; I69293; I69298; I69815; I69915; I6995; I873; I8730; I87301; I87303; I87309; I8731; I87311; I87312; I87313; I87319; I8732; I87321; I87322; I87323; I87329; I8733; I87331; I87332; I87333; I87339; I8739; I87391; I87393; I87399; I97; I973; I974; I9741; I97410; I97411; I97418; I9742; I976; I9762; J956; J9562; K254; K9162; L760; L7601; L7602; L8981; L89810; L89816; N996; N9961; N9962; O036; O10; O100; O10011; O10012; O10013; O10019; O1003; O104; O10413; O109; O10913; O1093; O11; O112; O113; O115; O119; O135; O140; O1400; O1402; O1403; O1404; O1405; O165; O209; O3506X1; P10; P101; P108; P109; P110; P122; P2930; P52; P520; P521; P522; P5221; P5222; P524; P526; P528; P529; P916; P9160; P9161; P9162; P9163; Q039; Q750; R010; R03; R030; R70; R73; R7981; R7982; R83; R831; R832; R833; R838; R839; R87613; R90; R900; R908; R9089; R930; R9401; R970; R971; R972; R9720; R9721; S06; S061; S061X; S061X0; S061X0A; S061X0D; S061X0S; S061X1; S061X1A; S061X1D; S061X1S; S061X2; S061X2A; S061X2D; S061X2S; S061X3; S061X3A; S061X3D; S061X3S; S061X4; S061X4A; S061X4D; S061X4S; S061X5; S061X5A; S061X5D; S061X5S; S061X6; S061X6A; S061X6D; S061X6S; S061X7; S061X7A; S061X7D; S061X7S; S061X8; S061X8A; S061X8D; S061X8S; S061X9; S061X9A; S061X9D; S061X9S; S061XA; S061XAA; S061XAD; S061XAS; S062X5A; S062X5D; S062X5S; S062X7A; S062X7S; S062X9A; S062X9D; S062X9S; S062XAS; S06302S; S06304; S06304A; S06304D; S06304S; S06305; S06305A; S06305D; S06305S; S06306; S06306A; S06306D; S06306S; S06307; S06307A; S06307D; S06307S; S06308; S06308A; S06308D; S06308S; S06309A; S06309D; S06309S; S0634; S06340; S06340A; S06340S; S06341A; S06341D; S06341S; S06342; S06342A; S06342D; S06342S; S06343A; S06343S; S06344; S06344A; S06344D; S06344S; S06345; S06345A; S06345D; S06345S; S06346; S06346A; S06346D; S06346S; S06347; S06347A; S06347D; S06347S; S06348; S06348A; S06348D; S06348S; S06349; S06349A; S06349D; S06349S; S0634A; S0634AA; S0634AD; S0634AS; S0635; S06350A; S06352A; S06354A; S06354D; S06354S; S06355; S06355A; S06355D; S06355S; S06356; S06356A; S06356D; S06356S; S06357; S06357A; S06357D; S06357S; S06358; S06358A; S06358D; S06358S; S06359; S06359A; S06359D; S06359S; S0635AA; S0635AS; S0636; S06360; S06360A; S06360D; S06360S; S06361; S06361A; S06361D; S06361S; S06362; S06362A; S06362D; S06362S; S06363; S06363A; S06363D; S06363S; S06364; S06364A; S06364D; S06364S; S06365; S06365A; S06365D; S06365S; S06366; S06366A; S06366D; S06366S; S06367; S06367A; S06367D; S06367S; S06368; S06368A; S06368D; S06368S; S06369; S06369A; S06369D; S06369S; S0636A; S0636AA; S0636AD; S0636AS; S06385; S06385A; S06385D; S06385S; S06387A; S06387D; S06387S; S06388A; S06388S; S06389A; S06389D; S06389S; S064X1A; S064X1S; S064X2A; S064X2D; S064X2S; S064X4A; S064X4D; S064X4S; S064X5; S064X5A; S064X5D; S064X5S; S064X6; S064X6A; S064X6D; S064X6S; S064X7; S064X7A; S064X7D; S064X7S; S064X8; S064X8A; S064X8D; S064X8S; S064X9; S064X9A; S064X9D; S064X9S; S064XA; S064XAA; S064XAS; S065X4A; S065X5; S065X5A; S065X5D; S065X5S; S065X6A; S065X6D; S065X7; S065X7A; S065X7D; S065X7S; S065X8; S065X8A; S065X8D; S065X8S; S065X9; S065X9A; S065X9D; S065X9S; S066X4A; S066X5; S066X5A; S066X5D; S066X5S; S066X6A; S066X6D; S066X6S; S066X7; S066X7A; S066X7D; S066X7S; S066X8; S066X8A; S066X8D; S066X8S; S066X9A; S066X9S; S068; S0681; S06810; S06810A; S06810D; S06810S; S06811; S06811A; S06811D; S06811S; S06812; S06812A; S06812D; S06812S; S06813; S06813A; S06813D; S06813S; S06814; S06814A; S06814D; S06814S; S06815; S06815A; S06815D; S06815S; S06816; S06816A; S06816D; S06816S; S06817; S06817A; S06817D; S06817S; S06818; S06818A; S06818D; S06818S; S06819; S06819A; S06819D; S06819S; S0681A; S0681AA; S0681AD; S0681AS; S06820A; S06820D; S06820S; S06821; S06821A; S06821D; S06821S; S06822A; S06822D; S06822S; S06824; S06824A; S06824D; S06824S; S06825; S06825A; S06825D; S06825S; S06826; S06826A; S06826D; S06826S; S06827; S06827A; S06827D; S06827S; S06828; S06828A; S06828D; S06828S; S06829; S06829A; S06829D; S06829S; S0682A; S0682AA; S0682AD; S0682AS; S0689; S06890; S06890A; S06890D; S06890S; S06891; S06891A; S06891D; S06891S; S06892; S06892A; S06892D; S06892S; S06893; S06893A; S06893D; S06893S; S06894; S06894A; S06894D; S06894S; S06895; S06895A; S06895D; S06895S; S06896; S06896A; S06896D; S06896S; S06897; S06897A; S06897D; S06897S; S06898; S06898A; S06898D; S06898S; S06899; S06899A; S06899D; S06899S; S0689A; S0689AA; S0689AD; S0689AS; S068A4A; S068A4D; S068A5; S068A5A; S068A5D; S068A5S; S068A6; S068A6A; S068A6D; S068A6S; S068A7A; S068A8A; S068A9A; S069; S069X; S069X0; S069X0A; S069X0D; S069X0S; S069X1; S069X1A; S069X1D; S069X1S; S069X2; S069X2A; S069X2D; S069X2S; S069X3; S069X3A; S069X3D; S069X3S; S069X4; S069X4A; S069X4D; S069X4S; S069X5; S069X5A; S069X5D; S069X5S; S069X6; S069X6A; S069X6D; S069X6S; S069X7; S069X7A; S069X7D; S069X7S; S069X8; S069X8A; S069X8D; S069X8S; S069X9; S069X9A; S069X9D; S069X9S; S069XA; S069XAA; S069XAD; S069XAS; S06A; S06A0XA; S06A1; S06A1XA; S06A1XD; S06A1XS; S090XXS; S140; S140XXA; S140XXD; S140XXS; S240; S240XXA; T702; T7020XS; T8283; T82838; T82838A; T82838S; T8483XS; T850; T8501; T8501XA; T8501XD; T8501XS; T8503; T8503XA; T8503XD; T8503XS; T8509; T8509XA; T8509XD; T8509XS; T85730; T85730A; T85730D; T85730S; T8583; T85830; T85830A; T85830D; T85830S; T85838; T85838A; T85838D; T85838S; T8583XA; T8583XD; T8583XS; Y630; Z86011; Z8673,Not Applicable,Not Applicable
Chronic Obstructive Pulmonary Disease,A157; A242; A370; A3700; A3701; A371; A3710; A3711; A378; A3780; A3781; A393; A8101; B18; B182; B303; B371; B3732; B380; B381; B390; B391; B400; B401; B4481; B460; B963; B974; C34; C3402; C341; C3411; C3412; C3431; C3432; C3481; C3482; C7A090; C931; D0221; D0222; D143; D1430; D1431; D1432; D144; D3A090; D471; D5701; D57211; D57451; E062; E083413; E083493; E083551; E083552; E083553; E103553; E113553; E133553; E662; E84; E840; E848; E8722; F07; F17210; F17218; F17228; F4312; F988; G031; G375; G4733; G4734; G4735; G4736; G6181; G7001; G8922; H0402; H04021; H04022; H04023; H04029; H0403; H04031; H04032; H04033; H04039; H04323; H044; H0441; H04413; H04423; H04433; H051; H0510; H05242; H05243; H05413; H10023; H1011; H1012; H1013; H1033; H104; H10401; H10402; H10403; H1041; H10411; H10412; H10413; H10419; H1042; H10421; H10422; H10423; H10429; H10433; H1045; H10503; H18613; H18623; H18893; H2013; H21223; H21263; H21269; H2523; H2622; H26221; H26222; H26223; H26229; H401121; H40113; H401131; H401132; H401133; H401134; H401333; H40213; H4022; H40221; H402210; H402211; H402212; H402213; H402214; H40222; H402220; H402221; H402222; H402223; H402224; H40223; H402230; H402231; H402232; H402233; H402234; H40229; H402290; H402291; H402292; H402293; H402294; H4043; H4043X1; H4043X2; H4043X3; H4043X4; H4053X1; H4053X2; H4053X3; H44013; H44023; H47213; H4943; H59093; H6023; H60313; H60393; H60503; H60513; H60523; H60533; H60543; H60552; H60553; H60593; H606; H6060; H6061; H6062; H6063; H61013; H6102; H61021; H61022; H61023; H61029; H61323; H61893; H6193; H6243; H628X3; H6506; H6511; H65111; H65112; H65113; H65114; H65115; H65116; H65117; H65119; H65193; H65196; H652; H6520; H6521; H6522; H6523; H653; H6530; H6531; H6532; H6533; H6541; H65411; H65412; H65413; H65419; H65493; H6611; H6612; H6613; H6623; H663; H663X; H663X1; H663X2; H663X3; H673; H68021; H68022; H68023; H68029; H68103; H6983; H70003; H70093; H701; H7010; H7011; H7012; H7013; H7022; H70221; H70222; H70223; H70229; H70893; H73003; H7311; H7312; H7313; H7503; H7583; H838X3; H8393; H93093; H938X3; H9483; H95111; H95112; H95113; I092; I13; I25; I25110; I25118; I25700; I258; I2582; I2589; I259; I260; I2601; I2609; I269; I2690; I2693; I2694; I2699; I27; I270; I2722; I2723; I2724; I278; I2781; I2782; I2789; I279; I28; I288; I310; I311; I421; I482; I5022; I5032; I5042; I5043; I50812; I50813; I70213; I70312; I70313; I70323; I70412; I70413; I70418; I70613; I70712; I70713; I7092; I82211; I82221; I82291; I82403; I825; I8250; I82501; I82502; I82503; I8251; I82511; I82512; I82513; I8252; I82521; I82522; I82523; I82529; I8253; I82531; I82532; I82533; I8254; I82541; I82542; I82543; I8255; I82551; I82552; I82553; I8256; I82561; I82562; I82563; I8259; I82591; I82592; I82593; I825Y; I825Y1; I825Y2; I825Y3; I825Z2; I825Z3; I82603; I827; I8270; I82701; I82702; I82703; I8271; I82711; I82712; I82713; I82719; I8272; I82721; I82722; I82723; I82729; I82891; I82A2; I82A21; I82A22; I82A23; I82B2; I82B21; I82B22; I82B23; I82C2; I82C21; I82C22; I82C23; I82C29; I872; I873; I87301; I87302; I87303; I87311; I87312; I87313; I87319; I8732; I87321; I87322; I87323; I87329; I8733; I87331; I87332; I87333; I87339; I8739; I87391; I87392; I87393; I87399; J00; J04; J0410; J0411; J05; J050; J111; J20; J200; J201; J202; J203; J204; J205; J206; J207; J208; J209; J21; J210; J211; J218; J219; J31; J310; J311; J312; J32; J320; J321; J322; J323; J324; J328; J329; J35; J350; J3501; J3502; J3503; J358; J359; J37; J370; J371; J38; J39; J398; J40; J41; J410; J411; J418; J42; J43; J430; J431; J432; J438; J439; J44; J440; J441; J449; J4520; J4521; J4522; J453; J4530; J4531; J4532; J454; J4540; J4541; J4542; J455; J4550; J4551; J4552; J45901; J45991; J47; J470; J471; J479; J60; J633; J65; J66; J668; J677; J68; J680; J682; J683; J684; J688; J689; J691; J698; J70; J701; J702; J703; J705; J708; J709; J811; J8281; J8282; J84; J841; J84112; J84114; J84115; J8417; J84170; J84178; J848; J8484; J84848; J8489; J849; J9381; J95; J951; J952; J953; J958; J9582; J95821; J95822; J9585; J95859; J9589; J960; J9600; J9601; J9602; J961; J9610; J9611; J9612; J962; J9620; J9621; J9622; J9690; J9692; J98; J980; J9801; J9809; J982; J983; J984; J988; J99; K045; K051; K053; K0531; K05311; K05312; K05313; K05319; K0532; K05321; K05322; K05323; K05329; K1123; K294; K50012; K50112; K50812; K50819; K50912; K510; K5100; K5101; K51012; K51013; K51014; K51018; K51019; K512; K5121; K51211; K51212; K51214; K51218; K51219; K513; K5131; K51312; K51318; K51319; K713; K714; K717; K721; K743; K8011; K8012; K8013; K8037; K8045; K8046; K8047; K8064; K8065; K8066; K8067; K811; K812; K860; L122; L2083; L581; L904; L97128; L97221; L97228; L97229; L97521; L97528; L97529; L97811; L97818; L97819; L9782; L97821; L97828; L97829; L97911; L97918; L97919; L97921; L97928; L97929; L98411; L98418; L98419; L9842; L98421; L98428; L98429; L98491; M05129; M170; M1A; M235; M2351; M2352; M80062D; M80062G; N034; N110; N111; N13; N18; N181; N182; N183; N1831; N1832; N184; N301; N3010; N3011; N302; N411; N6011; N6012; N7011; N711; N731; N761; N763; O100; O1003; O101; O102; O1023; O103; O1033; O1405; O992; O9921; O99215; O9928; O99285; O9943; O995; O9951; O9952; O9953; O998; O9989; O99893; P25; P250; P258; P27; P278; P279; P28; P280; P2832; P2842; P288; P2889; Q322; Q323; Q330; Q334; Q336; R051; R052; R053; R06; R068; R0689; R071; R3982; R91; R942; S068A5S; S20343S; S27301S; S27302; S27302D; S27302S; S27311; S27311D; S27311S; S27312; S27312A; S27312D; S27312S; S27319; S27319S; S2732; S27321; S27321A; S27321D; S27321S; S27322; S27322A; S27322D; S27322S; S27329S; S27332S; S27391; S27391S; S27392; S27392A; S27392D; S27392S; S27401; S27401S; S27402; S27402D; S27402S; S27411; S27411A; S27411D; S27411S; S27412; S27412A; S27412D; S27412S; S27419S; S2742; S27421; S27421A; S27421D; S27421S; S27422; S27422A; S27422D; S27422S; S27429; S27429S; S27431S; S27432S; S27491; S27491S; S27492; S27492A; S27492D; S27492S; T7119; T71191; T71191S; T71192S; T71193S; T71194S; T797; T797XXA; T797XXD; T797XXS; T8182; T8182XA; T8182XD; T8182XS; T86818; Z7722; Z825; Z836; Z870; Z8709,Not Applicable,Not Applicable
Enlarged Mediastinum,C089; C103; C110; C111; C113; C132; C15; C153; C154; C155; C159; C269; C30; C301; C311; C33; C3401; C3402; C341; C3411; C3412; C342; C38; C381; C382; C383; C388; C39; C413; C44102; C441021; C44109; C441091; C441092; C44192; C441921; C44199; C441991; C452; C490; C491; C4910; C4911; C4912; C493; C494; C5022; C50221; C50222; C50321; C50322; C5042; C50421; C50422; C50429; C50522; C542; C6292; C6951; C6952; C70; C701; C709; C741; C7410; C7411; C7412; C7491; C7492; C75; C755; C759; C761; C762; C771; C772; C778; C781; C7A029; C8121; C8122; C8123; C8126; C8128; C8129; C8142; C8191; C8192; C8193; C8198; C8292; C8302; C8312; C8331; C8332; C8333; C8462; C8491; C8492; C8493; C8496; C8498; C8499; C84Z2; C84Z3; C8512; C852; C8520; C8521; C8522; C8523; C8524; C8525; C8526; C8527; C8528; C8529; C8582; C8592; C8593; C8598; D140; D152; D159; D167; D213; D383; E3120; H0403; H04031; H04032; H04033; H04039; H0534; H05341; H05342; H05343; H05349; H748; H748X; H748X1; H748X2; H748X9; H749; H7490; H7491; H7492; H75; H7580; H7581; H7582; I3131; I423; J85; J853; J985; J9851; J9859; J986; M25412; M5002; M50020; M51A3; M51A5; M5384; M60119; N80B5; P252; Q341; Q845; R1901; R1902; R1903; R1906; R59; R590; R591; R599; R849; R900,Not Applicable,Not Applicable
Gout,A7982; E7253; E790; M10; M100; M1000; M1001; M10011; M10012; M10019; M1002; M10021; M10022; M10029; M1003; M10031; M10032; M10039; M1004; M10041; M10042; M10049; M1005; M10051; M10052; M10059; M1006; M10061; M10062; M10069; M1007; M10071; M10072; M10079; M1008; M1009; M101; M1010; M1011; M10111; M10112; M10119; M1012; M10121; M10122; M10129; M1013; M10131; M10132; M10139; M1014; M10141; M10142; M10149; M1015; M10151; M10152; M10159; M1016; M10161; M10162; M10169; M1017; M10171; M10172; M10179; M1018; M1019; M102; M1020; M1021; M10211; M10212; M10219; M1022; M10221; M10222; M10229; M1023; M10231; M10232; M10239; M1024; M10241; M10242; M10249; M1025; M10251; M10252; M10259; M1026; M10261; M10262; M10269; M1027; M10271; M10272; M10279; M1028; M1029; M103; M1030; M1031; M10311; M10312; M10319; M1032; M10321; M10322; M10329; M1033; M10331; M10332; M10339; M1034; M10341; M10342; M10349; M1035; M10351; M10352; M10359; M1036; M10361; M10362; M10369; M1037; M10371; M10372; M10379; M1038; M1039; M104; M1040; M1041; M10411; M10412; M10419; M1042; M10421; M10422; M10429; M1043; M10431; M10432; M10439; M1044; M10441; M10442; M10449; M1045; M10451; M10452; M10459; M1046; M10461; M10462; M10469; M1047; M10471; M10472; M10479; M1048; M1049; M109; M1A; M1A0; M1A00; M1A00X0; M1A00X1; M1A01; M1A011; M1A0110; M1A0111; M1A012; M1A0120; M1A0121; M1A019; M1A0190; M1A0191; M1A02; M1A021; M1A0210; M1A0211; M1A022; M1A0220; M1A0221; M1A029; M1A0290; M1A0291; M1A03; M1A031; M1A0310; M1A0311; M1A032; M1A0320; M1A0321; M1A039; M1A0390; M1A0391; M1A04; M1A041; M1A0410; M1A0411; M1A042; M1A0420; M1A0421; M1A049; M1A0490; M1A0491; M1A05; M1A051; M1A0510; M1A0511; M1A052; M1A0520; M1A0521; M1A059; M1A0590; M1A0591; M1A06; M1A061; M1A0610; M1A0611; M1A062; M1A0620; M1A0621; M1A069; M1A0690; M1A0691; M1A07; M1A071; M1A0710; M1A0711; M1A072; M1A0720; M1A0721; M1A079; M1A0790; M1A0791; M1A08; M1A08X0; M1A08X1; M1A09; M1A09X0; M1A09X1; M1A1; M1A10; M1A10X0; M1A10X1; M1A11; M1A111; M1A1110; M1A1111; M1A112; M1A1120; M1A1121; M1A119; M1A1190; M1A1191; M1A12; M1A121; M1A1210; M1A1211; M1A122; M1A1220; M1A1221; M1A129; M1A1290; M1A1291; M1A13; M1A131; M1A1310; M1A1311; M1A132; M1A1320; M1A1321; M1A139; M1A1390; M1A1391; M1A14; M1A141; M1A1410; M1A1411; M1A142; M1A1420; M1A1421; M1A149; M1A1490; M1A1491; M1A15; M1A151; M1A1510; M1A1511; M1A152; M1A1520; M1A1521; M1A159; M1A1590; M1A1591; M1A16; M1A161; M1A1610; M1A1611; M1A162; M1A1620; M1A1621; M1A169; M1A1690; M1A1691; M1A17; M1A171; M1A1710; M1A1711; M1A172; M1A1720; M1A1721; M1A179; M1A1790; M1A1791; M1A18; M1A18X0; M1A18X1; M1A19; M1A19X0; M1A19X1; M1A2; M1A20; M1A20X0; M1A20X1; M1A21; M1A211; M1A2110; M1A2111; M1A212; M1A2120; M1A2121; M1A219; M1A2190; M1A2191; M1A22; M1A221; M1A2210; M1A2211; M1A222; M1A2220; M1A2221; M1A229; M1A2290; M1A2291; M1A23; M1A231; M1A2310; M1A2311; M1A232; M1A2320; M1A2321; M1A239; M1A2390; M1A2391; M1A24; M1A241; M1A2410; M1A2411; M1A242; M1A2420; M1A2421; M1A249; M1A2490; M1A2491; M1A25; M1A251; M1A2510; M1A2511; M1A252; M1A2520; M1A2521; M1A259; M1A2590; M1A2591; M1A26; M1A261; M1A2610; M1A2611; M1A262; M1A2620; M1A2621; M1A269; M1A2690; M1A2691; M1A27; M1A271; M1A2710; M1A2711; M1A272; M1A2720; M1A2721; M1A279; M1A2790; M1A2791; M1A28; M1A28X0; M1A28X1; M1A29; M1A29X0; M1A29X1; M1A3; M1A30; M1A30X0; M1A30X1; M1A31; M1A311; M1A3110; M1A3111; M1A312; M1A3120; M1A3121; M1A319; M1A3190; M1A3191; M1A32; M1A321; M1A3210; M1A3211; M1A322; M1A3220; M1A3221; M1A329; M1A3290; M1A3291; M1A33; M1A331; M1A3310; M1A3311; M1A332; M1A3320; M1A3321; M1A339; M1A3390; M1A3391; M1A34; M1A341; M1A3410; M1A3411; M1A342; M1A3420; M1A3421; M1A349; M1A3490; M1A3491; M1A35; M1A351; M1A3510; M1A3511; M1A352; M1A3520; M1A3521; M1A359; M1A3590; M1A3591; M1A36; M1A361; M1A3610; M1A3611; M1A362; M1A3620; M1A3621; M1A369; M1A3690; M1A3691; M1A37; M1A371; M1A3710; M1A3711; M1A372; M1A3720; M1A3721; M1A379; M1A3790; M1A3791; M1A38; M1A38X0; M1A38X1; M1A39; M1A39X0; M1A39X1; M1A4; M1A40; M1A40X0; M1A40X1; M1A41; M1A411; M1A4110; M1A4111; M1A412; M1A4120; M1A4121; M1A419; M1A4190; M1A4191; M1A42; M1A421; M1A4210; M1A4211; M1A422; M1A4220; M1A4221; M1A429; M1A4290; M1A4291; M1A43; M1A431; M1A4310; M1A4311; M1A432; M1A4320; M1A4321; M1A439; M1A4390; M1A4391; M1A44; M1A441; M1A4410; M1A4411; M1A442; M1A4420; M1A4421; M1A449; M1A4490; M1A4491; M1A45; M1A451; M1A4510; M1A4511; M1A452; M1A4520; M1A4521; M1A459; M1A4590; M1A4591; M1A46; M1A461; M1A4610; M1A4611; M1A462; M1A4620; M1A4621; M1A469; M1A4690; M1A4691; M1A47; M1A471; M1A4710; M1A4711; M1A472; M1A4720; M1A4721; M1A479; M1A4790; M1A4791; M1A48; M1A48X0; M1A48X1; M1A49; M1A49X0; M1A49X1; M1A9; M1A9XX0; M1A9XX1; R82992; R82993,Not Applicable,Not Applicable
Latent Adrenal Insufficiency,A501; A5032; A504; A506; A515; A528; A530; A668; C797; C7970; C7971; C7972; D350; D3500; D3501; D3502; D4412; D800; D802; D805; D806; D807; D808; D809; D811; D812; D8131; D819; D830; D84; D8489; D892; E001; E002; E009; E01; E010; E011; E012; E018; E02; E030; E080; E081; E0810; E0832; E083212; E083213; E083219; E083292; E083293; E083299; E083312; E083319; E083392; E083393; E083399; E0834; E083412; E083419; E083492; E083493; E083499; E083523; E083529; E083531; E083532; E083533; E083539; E083541; E083542; E083543; E083549; E083592; E083599; E0844; E0864; E0865; E101; E103213; E103219; E103293; E103299; E103313; E103319; E103393; E103399; E103413; E103419; E103493; E103499; E103519; E103529; E103539; E103549; E103599; E110; E1101; E1132; E113212; E113213; E113219; E11329; E113292; E113293; E113299; E113312; E113319; E113392; E113393; E113399; E1134; E113419; E113492; E113493; E113499; E113519; E113529; E113532; E113533; E113539; E113542; E113549; E113559; E113599; E1164; E209; E22; E221; E222; E228; E229; E23; E230; E231; E236; E237; E240; E243; E249; E25; E250; E258; E259; E26; E260; E2602; E2609; E261; E268; E2689; E269; E27; E270; E271; E272; E273; E274; E2740; E2749; E275; E278; E279; E281; E34; E34321; E345; E3450; E3452; E35; E71511; E7152; E71520; E71521; E71528; E71529; E875; E876; E896; F03B0; F064; F0670; F0671; F449; F90; F900; F901; F902; F908; F909; F94; F98; F988; F989; G3184; G4042; G909; H02105; H04019; H04039; H04129; H04149; H04159; H04219; H21269; H30002; H30003; H30029; H353292; H353293; H4010X1; H401210; H401211; H401213; H401220; H401230; H401231; H401233; H401290; H401291; H401292; H401293; H4020X1; H402291; H402292; H4040X1; H4050X1; H4051X1; H4052X0; H4052X1; H4053X1; H4060X1; H5502; H7493; H8393; I062; I152; I872; I87321; I87322; I87323; I87329; I87339; I87391; I87392; I87393; I87399; J22; J440; K8681; L749; L759; M12479; M85822; N259; N5201; O10012; O10019; O10419; O10912; O10913; O24312; O99280; O99282; Q104; Q222; Q231; Q233; Q7113; Q7120; Q8901; Q891; Q892; S35229S; S35239S; S3781; S37812; S37812D; S37812S; S37818; S37818A; S37818D; S37818S; S37819; S37819A; S37819D; S37819S; S40921S; S40922S; S43141S; S43142S; S43149D; S43149S; S43439D; S43439S; S4991XS; S4992XS; S65302S; S65802S; S85801S; S85802S; T386X5S; T386X6S; T38806; T38806A; T38806S; T38815; T38815A; T38815D; T38815S; T38816; T38816A; T38816D; T38816S; T38905; T38905A; T38905S; T38906; T38906A; T38906D; T38906S; T444X5; T444X5A; T444X5D; T444X5S; T444X6A; T444X6D; T444X6S; T445X5; T445X5A; T445X5D; T445X5S; T445X6A; T445X6D; T445X6S; T446X5; T446X5A; T446X5D; T446X5S; T446X6; T446X6A; T446X6D; T446X6S; T447X5A; T447X5D; T447X5S; T447X6; T447X6A; T447X6D; T447X6S; T44906; T44906A; T44906D; T44906S; T464X5; T464X5A; T464X5D; T464X5S; T464X6; T464X6A; T464X6D; T464X6S; T46906A; T46906D; T46906S; T500X5S; T500X6S; T50906S; T50916S; T702; T7020; T7020XD; T7020XS; T8030; T8030XS; T80310S; T80A0XS; Z21; Z8920; Z89201; Z89202; Z8921; Z89211; Z89212; Z89219; Z8922; Z89221; Z89222; Z89229,Not Applicable,Not Applicable
Dermatomycosis,A07; A078; A079; A1781; A230; A311; A42; A420; A422; A441; A513; A5139; A5272; A5273; A5274; A5277; A5423; A5430; A5449; A55; A56; A562; A568; A5903; A60; A6002; A601; A63; A630; A638; A64; A663; A88; A888; B00; B08; B082; B0820; B0821; B0822; B087; B0870; B0879; B088; B09; B35; B350; B351; B352; B353; B354; B355; B356; B358; B359; B36; B360; B361; B362; B363; B368; B369; B372; B373; B3732; B374; B3741; B38; B380; B381; B382; B383; B384; B387; B388; B3881; B3889; B389; B39; B392; B393; B40; B402; B403; B4081; B41; B410; B417; B418; B419; B42; B420; B421; B427; B428; B4281; B4282; B4289; B429; B430; B44; B441; B442; B447; B448; B4489; B449; B45; B450; B451; B452; B457; B459; B460; B461; B462; B463; B464; B465; B47; B479; B481; B488; B49; B59; B60; B608; B67; B670; B671; B672; B673; B6731; B6732; B6739; B674; B675; B676; B6761; B6769; B677; B678; B679; B6790; B6799; B680; B681; B690; B691; B698; B6989; B71; B710; B718; B75; B76; B768; B769; B77; B781; B787; B789; B812; B95; B950; B951; B953; B954; B955; B956; B9561; B9562; B960; B961; B962; B9620; B9629; B963; B965; B966; B967; B9681; B9682; B970; B971; B9710; B9711; B9719; B973; B9730; B9733; B9734; B9735; B974; B9781; C41; C43; C434; C439; C44; C4409; C441; C4410; C44101; C44102; C441021; C441022; C44109; C441091; C441092; C4411; C44111; C44112; C441121; C441122; C441191; C441192; C4412; C44121; C44122; C441221; C441222; C441291; C441292; C4413; C44131; C44132; C441321; C441322; C44139; C441391; C441392; C4419; C44191; C44192; C441921; C441922; C44199; C441991; C441992; C442; C4420; C44201; C44202; C44209; C4421; C44211; C44212; C44219; C4422; C44221; C44222; C44229; C4429; C44291; C44292; C44299; C443; C4430; C44300; C44301; C44309; C4431; C44310; C44311; C44319; C4432; C44320; C44321; C44329; C4439; C44390; C44391; C44399; C444; C4440; C4441; C4442; C4449; C445; C4450; C44500; C44501; C44509; C44519; C44529; C4459; C44590; C44591; C44599; C446; C4460; C44602; C44609; C4461; C44611; C44612; C4469; C44691; C44692; C44699; C447; C4470; C44701; C44702; C44709; C44711; C44721; C4479; C44791; C44792; C44799; C448; C4480; C4489; C449; C4490; C4491; C4492; C4499; C460; C465; C4650; C69; C698; C6980; C6981; C6982; C792; C8119; C8199; C8269; C8399; C840; C8400; C8401; C8402; C8403; C8404; C8405; C8407; C8408; C8409; C8419; C8449; C8499; C84A; C84A0; C84A1; C84A2; C84A3; C84A4; C84A5; C84A7; C84A8; C84A9; C84Z9; C8589; C8599; C866; C884; C96; C96Z; D02; D0411; D04111; D04112; D04121; D04122; D042; D0420; D0421; D0422; D043; D0439; D044; D0471; D048; D14; D140; D23; D231; D2310; D2311; D23111; D23112; D2312; D23121; D23122; D232; D2320; D2321; D2322; D233; D2330; D2339; D234; D235; D236; D2360; D2361; D2362; D237; D2370; D2371; D2372; D239; D31; D492; D76; D860; D863; E083392; E0834; E083411; E083412; E083419; E083492; E083499; E083521; E083522; E083529; E083532; E083539; E08354; E083541; E083542; E083549; E083551; E083552; E083559; E08618; E0862; E08620; E08622; E08628; E093419; E093499; E093521; E093522; E093523; E093529; E093531; E093532; E093539; E093542; E093549; E093559; E0962; E09622; E09628; E1062; E10620; E10622; E10628; E1162; E11620; E11622; E11628; E1362; E13620; E13622; E13628; F424; G02; G318; G3189; G328; G3289; G37; G378; G379; G733; G958; G9589; G96; G968; G9689; G998; H01133; H01139; H02833; H02836; H02839; H0535; H15121; H15129; H15851; H15852; H15853; H15859; H1602; H16022; H16029; H1606; H16061; H16062; H16063; H16069; H16139; H16259; H18619; H35369; H44123; H44129; H44741; H44742; H44743; H57; H578; H5789; H579; H5935; H59351; H59352; H59353; H59359; H59361; H59362; H6010; H6013; H604; H6040; H6041; H6043; H61; H610; H61029; H61033; H618; H6189; H61892; H628; H628X; H628X1; H628X9; H65117; H6611; H6612; H663X1; H663X9; H6640; H671; H71; H710; H7100; H711; H7110; H712; H7120; H7130; H7131; H7132; H738; H7389; H73891; H73892; H73893; H73899; H748; H748X; H748X1; H748X2; H748X3; H748X9; H75; H750; H7500; H7501; H7502; H7503; H758; H7580; H7581; H7582; H7583; H821; H83; H838; H838X; H838X1; H838X3; H838X9; H94; H948; H9480; H9481; H9482; H9483; H951; J348; J3489; J38; J383; J387; J39; J398; J399; J628; J65; J984; K038; K0389; K134; K628; K6289; L08; L088; L0889; L089; L219; L233; L236; L239; L24; L244; L245; L246; L248; L2489; L249; L24A0; L24B0; L250; L251; L254; L258; L259; L28; L309; L45; L565; L579; L598; L817; L86; L905; L918; L92; L922; L928; L929; L97911; L982; L985; L988; L99; M01; M01X; M01X0; M01X1; M01X11; M01X12; M01X19; M01X2; M01X21; M01X22; M01X29; M01X3; M01X31; M01X32; M01X39; M01X4; M01X41; M01X42; M01X49; M01X5; M01X51; M01X52; M01X59; M01X6; M01X61; M01X62; M01X69; M01X7; M01X71; M01X72; M01X79; M01X9; M05629; M1482; M2669; M331; M3310; M3319; M3390; M3391; M3399; M360; M438X9; M47898; M4987; M4989; M5408; M6510; M84831; M84839; M8500; M8502; M85029; M8503; M85039; M8504; M85049; M85069; M8508; M852; M8583; M88; M9053; M9060; M9062; M90622; M90629; M9063; M90631; M90632; M90639; M90669; M9067; M90679; M9068; M9069; M9383; M93831; M9387; M9397; M948X3; M948X7; N771; O9813; O983; O9833; O986; O9863; O9873; O989; O9893; O9913; O99355; O9953; O997; O9973; Q779; Q784; Q82; Q828; R20; R208; R21; S0002XS; S00201S; S00229S; S00251A; S00251D; S00251S; S0042; S0540XS; S30825S; S30826S; S3094XS; S56105A; S56105D; S56105S; S56106A; S56106D; S56106S; S56115S; S56116S; S56125S; S56126S; S56195A; S56195S; S56196S; S56405; S56405A; S56405D; S56405S; S56406; S56406A; S56406D; S56406S; S56415A; S56415D; S56415S; S56416A; S56416S; S56425A; S56425D; S56425S; S56426A; S56426S; S56495A; S56495D; S56495S; S56496A; S56496S; S60041A; S60041S; S60049A; S60049D; S60049S; S6014; S60141A; S60141S; S60149; S60149A; S60149D; S60149S; S60414S; S60415S; S60424; S60424A; S60424D; S60424S; S60425; S60425A; S60425D; S60425S; S60454; S60454A; S60454D; S60454S; S60455; S60455A; S60455D; S60455S; S60944; S60944A; S60944D; S60944S; S60945; S60945A; S60945D; S60945S; S61204; S61204A; S61204D; S61204S; S61205; S61205A; S61205D; S61205S; S61214A; S61214D; S61214S; S61215A; S61215S; S61224A; S61224S; S61225S; S61234; S61234A; S61234D; S61234S; S61235; S61235A; S61235D; S61235S; S61244; S61244A; S61244D; S61244S; S61245; S61245A; S61245D; S61245S; S61304; S61304A; S61304D; S61304S; S61305; S61305A; S61305D; S61305S; S61314A; S61314D; S61314S; S61315A; S61315S; S61324A; S61324D; S61324S; S61325S; S61334; S61334A; S61334D; S61334S; S61335; S61335A; S61335D; S61335S; S61344; S61344A; S61344D; S61344S; S61345; S61345A; S61345D; S61345S; S62654D; S62654G; S62655D; S62655G; S62664D; S62664G; S62665G; S63204A; S63204D; S63204S; S63205; S63205A; S63205D; S63205S; S63214A; S63214S; S63215A; S63224; S63224A; S63224D; S63224S; S63225; S63225A; S63225D; S63225S; S63244A; S63244D; S63244S; S63245A; S65504S; S65594S; S66104A; S66104D; S66104S; S66105A; S66105D; S66105S; S66194S; S66304; S66304A; S66304D; S66304S; S66305; S66305A; S66305D; S66305S; S66314A; S66314D; S66314S; S66315A; S66315D; S66315S; S66324A; S66324S; S66394A; S66394D; S66394S; S66395A; S66395S; S66504A; S66505A; S66505S; T367X6A; T367X6S; T372X2S; T372X6; T372X6A; T372X6D; T372X6S; T378X6A; T378X6D; T378X6S; T3796XA; T3796XD; T3796XS; T4596XS; T48906S; T49; T490X5A; T490X5S; T490X6A; T490X6D; T490X6S; T496X6A; T4996XA; T4996XS; T8142XA; T8142XS; T83418A; T83418D; T83418S; T8382XA; T8382XS; T84112S; T84116S; T84119S; T84196S; T84210S; T84218A; T84218S; T84298A; T84298S; T84418S; T8460; T8460XA; T8460XD; T8460XS; T84619A; T84619D; T84619S; T84622A; T84629A; T84629D; T84629S; T8469; T8469XA; T8469XD; T8469XS; T8482; T8482XA; T8482XD; T8482XS; T8489XA; T8489XS; T8531; T85310S; T85311S; T85318; T85318A; T85318D; T85318S; T85613S; T85615S; T85618A; T85618D; T85618S; T85693A; T85693D; T85693S; T8582; T85820A; T85820D; T85820S; T85828; T85828A; T85828D; T85828S; T8582XA; T8582XD; T8582XS; T85898S; T8589XS; T86822; V8676XA; V8676XD; V8676XS; V8696XD; V8696XS; W458XXS; Z116; Z1632; Z226; Z826; Z8739,Not Applicable,Not Applicable
Pleurisy,A156; A3711; B671; B7781; C34; C341; C3411; C3412; C343; C3431; C3432; C38; C384; C388; C39; C45; C450; C451; C452; C48; C761; C782; D190; D191; G70; H59352; H59361; H59362; H92; I313; I3131; J90; J91; J910; J918; J92; J920; J93; J938; J94; J940; J948; J949; J9581; J984; K66; K668; K67; M254; M2540; M2541; M25411; M25412; M25419; M2542; M25421; M25422; M25429; M2543; M25431; M25432; M2544; M25441; M25442; M25449; M2545; M25451; M25452; M2546; M25461; M25462; M2547; M25471; M25472; M25474; M25475; M2548; M3212; N80B1; Q340; R0781; R091; R180; R843; R845; R846; S276; S2760XS; S2763; S2763XS; S2769XA; S2769XS,Not Applicable,Not Applicable
Bronchitis,A15; A150; A155; A157; A159; A37; A370; A3700; A3701; A371; A3710; A3711; A378; A3780; A3781; A3791; A5272; A5903; A880; B302; B4481; B909; B966; B974; C33; C34; C340; C3401; C3402; C341; C3410; C3411; C3412; C343; C3430; C3431; C3432; C349; C3491; C390; C399; C7A090; D022; D0220; D0221; D0222; D10; D14; D142; D143; D1430; D1431; D1432; D144; D381; D3A090; G950; H105; H10503; H5940; H6243; H65111; H65113; H65114; H65115; H65116; H65117; H68101; H68103; H6983; I2781; J00; J020; J030; J04; J041; J0410; J0411; J042; J121; J153; J157; J180; J20; J200; J201; J202; J203; J204; J205; J206; J207; J208; J209; J21; J210; J211; J218; J219; J31; J359; J37; J371; J386; J387; J39; J392; J398; J399; J40; J41; J410; J411; J418; J42; J44; J440; J441; J449; J45990; J47; J470; J471; J479; J68; J680; J690; J691; J698; J70; J705; J708; J709; J84115; J95; J9502; J9509; J958; J9582; J95821; J95822; J9589; J98; J980; J9801; J9809; J984; J99; K227; K8031; K8037; K8040; K8041; K8043; K8044; K8045; K8046; K8047; K8050; K8051; K806; K8060; K8061; K8062; K8063; K8064; K8065; K8066; K8067; K81; K83; K831; K838; K839; M3321; M3391; O9952; O9953; P22; P2400; P2401; P2410; P2411; P2420; P2421; P2430; P2431; P2480; P2481; P260; P279; P288; P2889; P289; Q32; Q320; Q322; Q323; Q324; Q391; Q643; Q6439; R05; R052; R053; R054; R06; R060; R0602; R062; R068; R0689; R069; R071; R09; R098; R0989; S274; S2740; S27401; S27401A; S27401D; S27401S; S27402; S27402A; S27402D; S27402S; S27409; S27409A; S27409D; S27409S; S2741; S27411; S27411A; S27411D; S27411S; S27412; S27412A; S27412D; S27412S; S27419; S27419A; S27419D; S27419S; S2742; S27421S; S27422; S27422A; S27422D; S27422S; S27429; S27429A; S27429D; S27429S; S2743; S27431; S27431D; S27431S; S27432; S27432A; S27432D; S27432S; S27439; S27439A; S27439D; S27439S; S2749; S27491; S27491A; S27491S; S27492; S27492A; S27492D; S27492S; S27499; S27499A; S27499D; S27499S; T17410; T17410S; T17420; T17420S; T17500; T17500A; T17500D; T17500S; T17508; T17508A; T17508D; T17508S; T1751; T17510; T17510A; T17510D; T17510S; T17518; T17518A; T17518D; T17518S; T1752; T17520; T17520A; T17520D; T17520S; T17528; T17528A; T17528D; T17528S; T1759; T17590; T17590D; T17590S; T17598D; T17598S; T17900A; T18100; T18100A; T18100D; T18100S; T18110; T18110A; T18110D; T18110S; T18120; T18120A; T18120D; T18120S; T27; T270; T270XXA; T270XXD; T270XXS; T271; T271XXA; T271XXD; T271XXS; T272; T272XXA; T272XXD; T272XXS; T273; T273XXA; T273XXD; T273XXS; T274; T275; T275XXS; T277; T277XXD; T277XXS; T280; T701; T7119; Z801; Z836; Z851; Z8511; Z85118; Z8512; Z870; Z8709; Z87731,Not Applicable,Not Applicable
Thyroiditis,A1881; B6731; E01; E018; E034; E05; E06; E060; E061; E062; E063; E064; E065; E069; E07; E078; E0789; E079; M654; O905,Not Applicable,Not Applicable
Nasopharyngeal Carcinoma,A361; B873; C00; C000; C001; C002; C003; C004; C005; C006; C009; C01; C02; C020; C022; C023; C024; C029; C030; C031; C040; C041; C05; C050; C051; C052; C059; C06; C060; C061; C068; C069; C07; C08; C080; C081; C089; C09; C090; C091; C099; C10; C101; C102; C103; C104; C108; C109; C11; C110; C111; C112; C113; C118; C119; C12; C13; C130; C131; C132; C138; C139; C14; C140; C142; C148; C15; C153; C155; C159; C16; C160; C161; C162; C163; C164; C165; C166; C170; C18; C182; C186; C189; C20; C21; C210; C211; C218; C220; C23; C240; C250; C253; C269; C30; C300; C310; C311; C312; C313; C32; C320; C321; C322; C323; C328; C329; C33; C34; C341; C3411; C3412; C343; C3431; C3432; C381; C382; C390; C399; C41; C410; C411; C419; C4331; C434; C4401; C4402; C441; C4410; C44102; C441021; C441022; C44109; C441091; C441092; C4411; C44111; C44112; C441121; C441122; C44119; C441191; C441192; C4412; C44121; C44122; C441221; C441222; C44129; C441291; C441292; C4413; C44131; C44132; C441321; C441322; C44139; C441391; C441392; C4419; C441921; C441922; C44199; C441991; C441992; C442; C4420; C44201; C44202; C44209; C4421; C44211; C44212; C44219; C4422; C44221; C44222; C44229; C4429; C44291; C44292; C44299; C443; C4430; C44300; C44301; C44309; C4431; C44310; C44311; C44319; C4432; C44320; C44321; C44329; C4439; C44390; C44391; C44399; C444; C4440; C4441; C4442; C4449; C4451; C44511; C44519; C4452; C44520; C44521; C44529; C4461; C44611; C44612; C44619; C4462; C44621; C44622; C44711; C4472; C44721; C4491; C4492; C47; C470; C471; C4710; C4711; C4712; C472; C4720; C4721; C4722; C473; C475; C476; C479; C480; C49; C490; C491; C492; C4920; C4922; C493; C495; C496; C4A; C4A0; C4A1; C4A10; C4A11; C4A111; C4A112; C4A12; C4A121; C4A122; C4A2; C4A20; C4A21; C4A22; C4A3; C4A30; C4A31; C4A39; C4A4; C4A5; C4A51; C4A52; C4A59; C4A6; C4A60; C4A61; C4A62; C4A7; C4A70; C4A9; C50; C500; C5001; C50011; C50012; C50019; C5002; C50021; C50022; C50029; C501; C5011; C50111; C50112; C50119; C5012; C50121; C50122; C50129; C502; C5021; C50211; C50212; C50219; C5022; C50221; C50222; C50229; C503; C5031; C50311; C50312; C50319; C5032; C50321; C50322; C50329; C504; C5041; C50411; C50412; C50419; C5042; C50421; C50422; C50429; C505; C5051; C50511; C50512; C50519; C5052; C50521; C50522; C50529; C5091; C5092; C51; C512; C519; C53; C530; C531; C539; C54; C541; C542; C543; C549; C60; C600; C602; C61; C630; C6301; C6302; C65; C672; C673; C674; C675; C676; C681; C69; C690; C6900; C6901; C6902; C691; C6910; C6911; C6912; C693; C6930; C6931; C6932; C694; C6940; C6941; C6942; C695; C696; C6961; C6962; C70; C700; C709; C71; C710; C72; C722; C7220; C7221; C7222; C723; C7230; C7231; C7232; C724; C7240; C7241; C7242; C725; C7250; C7259; C729; C73; C750; C751; C752; C753; C754; C755; C759; C760; C761; C770; C775; C7A; C7A1; C7A8; C8101; C8111; C8121; C8281; C8301; C8331; C8441; C8491; C84Z1; C8511; C8521; C8581; C8591; D00; D000; D0000; D0002; D0003; D0004; D0005; D0006; D0007; D0008; D001; D002; D01; D010; D012; D013; D0149; D017; D019; D02; D020; D021; D022; D0221; D0222; D023; D024; D04; D040; D041; D0410; D0411; D04111; D04112; D0412; D04121; D04122; D042; D0420; D0421; D0422; D043; D0430; D0439; D044; D045; D046; D048; D050; D058; D06; D060; D067; D070; D0739; D074; D075; D0769; D09; D0919; D092; D0920; D0921; D0922; D093; D098; D10; D100; D101; D102; D103; D1030; D1039; D104; D105; D106; D107; D109; D11; D110; D117; D119; D12; D122; D126; D129; D13; D130; D132; D14; D140; D141; D142; D143; D1432; D144; D152; D16; D164; D169; D170; D171; D173; D1730; D1739; D210; D211; D2110; D2112; D212; D2120; D2122; D213; D219; D231; D2311; D23111; D23112; D2312; D23121; D23122; D232; D2320; D2321; D2322; D233; D2330; D2339; D234; D24; D242; D280; D290; D291; D293; D2931; D2932; D31; D310; D3101; D3102; D311; D3110; D3111; D3112; D313; D3131; D3132; D314; D3140; D3141; D3142; D3162; D319; D3192; D32; D320; D33; D330; D333; D334; D337; D339; D34; D351; D352; D353; D354; D355; D360; D361; D3610; D3611; D3612; D3614; D3617; D37; D370; D3702; D3703; D37030; D37031; D37032; D37039; D3704; D3705; D3709; D38; D380; D381; D3A; D42; D420; D43; D433; D438; D442; D443; D444; D446; D480; D482; H4401; H44013; J00; J31; J311; J33; J330; J341; O9A13; Q784; Z1281; Z1504; Z851; Z8512; Z8521; Z8522; Z8581; Z85810; Z85818; Z85819; Z8584; Z85848; Z86003; Z86005,Not Applicable,Not Applicable
CKD,A5601; A985; B18; B182; B188; B3732; B3741; B381; B391; B573; B575; C790; C7901; C7902; C7A093; C931; D3A093; D471; D500; D511; D593; D5931; D5932; D5939; D63; D631; D638; D732; D811; D812; D89811; D89812; E08; E0800; E0801; E081; E0810; E0811; E082; E0821; E0822; E0829; E083; E0832; E083213; E083293; E0833; E083311; E083313; E083393; E0834; E083411; E083413; E083493; E0835; E083513; E083543; E08355; E083551; E083552; E083553; E083559; E083593; E0836; E0839; E0841; E085; E0859; E086; E0863; E08638; E08641; E0865; E0869; E089; E092; E0921; E0922; E0929; E101; E1011; E102; E1021; E1022; E1029; E1033; E103313; E103393; E1034; E103413; E103493; E103551; E103552; E103553; E1036; E1039; E105; E1059; E1100; E1101; E111; E1110; E1111; E112; E1121; E1122; E1129; E113; E1132; E113213; E1133; E113313; E113393; E1134; E113413; E113493; E1135; E11355; E113551; E113552; E113553; E1136; E1139; E1141; E115; E1159; E1163; E11638; E132; E1321; E1322; E1329; E1336; E44; E7201; E84; E8419; E848; E8722; F4312; G031; G3184; G894; G90513; G90523; G9332; H0402; H04023; H0441; H04411; H04413; H104; H10401; H10403; H1042; H10421; H10422; H10423; H10429; H10431; H10433; H1713; H201; H2010; H2011; H2012; H2013; H25; H2501; H25011; H25012; H25013; H25093; H2513; H2523; H25811; H25813; H2622; H26221; H26222; H26223; H26229; H26493; H40221; H402210; H402211; H402212; H402213; H402214; H40222; H402220; H402221; H402222; H402223; H402224; H40223; H402230; H402231; H402232; H402233; H402234; H402291; H402292; H402293; H4053X3; H5111; H59023; H59093; H61023; I062; I092; I110; I12; I120; I129; I13; I130; I131; I1310; I1311; I132; I151; I25; I258; I2582; I2589; I259; I2723; I2724; I2781; I2782; I352; I482; I50; I502; I5021; I5022; I5023; I503; I5031; I5032; I5033; I504; I5041; I5042; I5043; I50812; I50813; I701; I7092; I7581; I78; I82221; I825; I82501; I82503; I82511; I8252; I82521; I82522; I82523; I82543; I8259; I82591; I82593; I825Y3; I825Z1; I825Z3; I827; I82713; I8272; I82721; I82723; I82C2; I82C21; I82C23; I872; I873; I87301; I87302; I87303; I87309; I87311; I87312; I87313; I87319; I8732; I87321; I87322; I87323; I87329; I8733; I87331; I87332; I87333; I87339; I8739; I87391; I87392; I87393; I87399; J310; J311; J32; J320; J44; J440; J441; J470; J811; J952; J953; J95822; J960; J9600; J9601; J9602; J961; J9610; J9611; J9612; J962; J9620; J9621; J9622; K053; K50012; K50018; K50112; K50812; K50818; K51212; K5904; K715; K717; K7201; K721; K7210; K7211; K74; K761; K8010; K8011; K8012; K8013; K8032; K8033; K8034; K8035; K8036; K8037; K8044; K8045; K8046; K8047; K8063; K8064; K8065; K8066; K8067; K811; K812; L89131; L89132; L89133; L89211; L89212; L89213; L89222; L97211; L97218; L97219; L97228; L97229; L97311; L97318; L97319; L97418; L97419; L97511; L97518; L97519; L97529; L978; L9781; L97811; L97814; L97816; L97818; L97819; L9782; L97828; L97829; L9791; L97911; L97918; L97919; L97928; M103; M1030; M1031; M10311; M10312; M10319; M1032; M10321; M10322; M10329; M1033; M10331; M10332; M10339; M1034; M10341; M10342; M10349; M1035; M10351; M10352; M10359; M1036; M10361; M10362; M10369; M1037; M10371; M10372; M10379; M1038; M1039; M1116; M1A; M1A0; M1A03; M1A031; M1A032; M1A05; M1A051; M1A052; M1A06; M1A061; M1A062; M1A07; M1A071; M1A072; M1A2; M1A23; M1A25; M1A251; M1A252; M1A26; M1A261; M1A262; M1A3; M1A30; M1A30X0; M1A30X1; M1A31; M1A311; M1A3110; M1A3111; M1A312; M1A3120; M1A3121; M1A319; M1A3190; M1A3191; M1A32; M1A321; M1A3210; M1A3211; M1A322; M1A3220; M1A3221; M1A329; M1A3290; M1A3291; M1A33; M1A331; M1A3310; M1A3311; M1A332; M1A3320; M1A3321; M1A339; M1A3390; M1A3391; M1A34; M1A341; M1A3410; M1A3411; M1A342; M1A3420; M1A3421; M1A349; M1A3490; M1A3491; M1A35; M1A351; M1A3510; M1A3511; M1A352; M1A3520; M1A3521; M1A359; M1A3590; M1A3591; M1A36; M1A361; M1A3610; M1A3611; M1A362; M1A3620; M1A3621; M1A369; M1A3690; M1A3691; M1A37; M1A371; M1A3710; M1A3711; M1A372; M1A3720; M1A3721; M1A379; M1A3790; M1A3791; M1A38; M1A38X0; M1A38X1; M1A39; M1A39X0; M1A39X1; M1A4; M1A45; M1A451; M1A46; M1A461; M1A462; M235; M2351; M2352; M86371; M93024; N00; N000; N001; N002; N003; N004; N005; N006; N007; N008; N00A; N01; N010; N011; N012; N013; N014; N015; N016; N017; N018; N019; N01A; N022; N023; N024; N025; N027; N02A; N03; N030; N031; N032; N033; N034; N035; N036; N037; N038; N039; N03A; N042; N043; N044; N045; N047; N04A; N050; N051; N052; N053; N054; N055; N056; N057; N05A; N062; N063; N064; N065; N066; N067; N06A; N072; N073; N075; N077; N11; N110; N111; N118; N119; N12; N132; N13722; N13729; N13732; N13739; N15; N158; N159; N16; N17; N170; N171; N172; N178; N179; N18; N181; N182; N183; N1830; N1831; N1832; N184; N185; N186; N189; N19; N20; N200; N202; N22; N25; N250; N251; N258; N2581; N2589; N259; N261; N27; N271; N28; N280; N281; N288; N2886; N2889; N289; N29; N30; N3000; N3001; N301; N3010; N3011; N302; N3020; N3021; N39; N411; N7011; N711; N734; N990; O0332; O0382; O0482; O0732; O084; O102; O1021; O10211; O10212; O10213; O10219; O1022; O1023; O103; O1031; O10311; O10312; O10313; O10319; O1032; O1033; O135; O1405; O230; O2302; O2683; O26831; O26832; O26833; O8621; O904; O9873; O9943; O9953; O9963; P001; P27; P960; Q271; Q446; Q60; Q600; Q601; Q603; Q604; Q61; Q610; Q6100; Q6101; Q6102; Q611; Q612; Q614; Q615; Q618; Q619; Q62; Q620; Q63; Q638; R053; R3982; R4181; R6510; R6511; R7302; R7982; R944; S354; S35491S; S370; S37001S; S3701; S37011; S37011S; S37012; S37012S; S3702; S37021; S37021S; S37022S; S3709; S37091; S37091D; S37091S; S37092S; T81522A; T81522D; T81522S; T8382XA; T8382XD; T861; T8610; T8611; T8612; T8613; T8619; T8632; Y841; Z9115; Z91151; Z91158; Z91A5; Z940; Z992,Not Applicable,Not Applicable
Hypothyroidism,B6731; C73; E001; E01; E02; E03; E030; E031; E032; E033; E034; E035; E038; E039; E05; E053; E058; E06; E07; E079; E110; E20; E209; E21; E221; E23; E230; E261; E290; E291; E34; E861; E871; E890; E896; G132; I152; T381X6A,Not Applicable,Not Applicable
Hematemesis,A043; A91; A960; A985; A988; B303; D473; D500; D508; D56; D58; D582; D588; D593; D596; D62; D64; D683; D69; D699; D758; D7589; D759; D761; D762; D77; D780; D7801; D7802; E7033; E8021; E8311; E83110; E83111; E83118; E861; F40230; H113; H1131; H431; H4312; H4481; H44813; H5912; H59121; I230; I6905; I6925; I7381; I780; I80; I8001; I801; I8010; I8011; I8012; I8013; I8021; I80211; I80212; I80213; I80291; I80293; I803; I8311; I832; I8321; I83211; I83218; I8381; I83811; I83812; I83813; I83819; I8501; I87; I87301; I87303; I87311; I87312; I87313; I87319; I87321; I87322; I87323; I87329; I8733; I87331; I87332; I87333; I87339; I8739; I87391; I87392; I87393; I87399; I974; I9741; I97410; I97411; I97418; I9742; I998; J942; K2080; K2081; K2090; K2091; K2100; K2101; K2210; K2211; K250; K252; K253; K254; K256; K257; K259; K260; K262; K264; K266; K280; K282; K283; K284; K286; K287; K289; K2900; K2901; K2921; K2941; K2981; K2990; K2991; K31811; K31819; K50011; K50111; K50811; K50911; K51011; K51211; K51311; K51411; K51911; K5520; K5521; K5700; K5701; K5720; K5721; K5732; K5733; K5740; K5741; K5750; K5751; K5752; K5753; K5780; K5781; K5792; K5793; K625; K64; K661; K751; K910; K916; K9161; K9162; K920; K922; K9421; M250; M2505; M25051; M362; M860; M8601; M86011; M8602; M86021; M86022; M8603; M8604; M86041; M8605; M86051; M86052; M86059; M8606; M86061; M8607; M86071; M86072; M86079; M8608; M8609; M865; M8652; M86521; M86522; M8655; M86551; M86552; M8656; M86561; N02; N421; N836; N857; N897; N923; N99520; N996; N9961; N9962; O036; O21; O212; O219; O87; P2420; P2421; P381; P540; P56; P569; P5690; P5699; P782; P832; P920; P9201; P9209; R040; R041; R042; R09; R098; R0989; R11; R110; R111; R1110; R1111; R1113; R1114; R112; R31; R310; R360; R361; R571; R63; R638; R710; R7881; R823; S06341D; S06347A; S06347D; S06348; S06348A; S06348D; S06349A; S06349D; S06357A; S06358A; S06367; S06367A; S06367D; S06367S; S06368; S06368A; S06368D; S064X8A; S064X8D; S066X1A; S066X1D; S066X7; S066X7A; S066X7D; S066X8; S066X8A; S066X8D; S70221; T458X2A; T458X2D; T458X6A; T671; T8022; T8022XA; T8022XD; T8051; T8051XA; T8051XD; T8383XA; T85838A; Y630,Not Applicable,Not Applicable
Heart Failure,B3324; B570; B571; B572; D57211; D61; D732; E085; E0859; E105; E1059; E115; E1159; I01; I018; I0981; I11; I110; I119; I13; I130; I131; I1310; I1311; I132; I230; I24; I248; I25; I255; I258; I2589; I27; I2722; I42; I420; I422; I426; I427; I428; I43; I46; I462; I468; I48; I482; I49; I490; I4901; I50; I501; I502; I5020; I5021; I5022; I5023; I503; I5030; I5031; I5032; I5033; I504; I5040; I5041; I5042; I5043; I508; I5081; I50810; I50811; I50812; I50813; I50814; I5082; I5083; I5084; I5089; I509; I51; I517; I518; I5189; I82511; I87301; I87391; I87392; I971; I9711; I97110; I9713; I97130; I97131; I9719; I998; J44; J95821; J95822; J960; J9600; J9601; J9602; J961; J9610; J9611; J9612; J962; J9620; J9621; J9622; J9690; K704; K7041; K720; K7201; K721; K7210; K7211; K74; K9182; M0531; M05311; M05312; M05321; M0533; M05331; M05332; M0535; M05351; M05352; M0536; M05361; M05362; M0537; M05371; M05372; N17; N18; N990; O101; O10112; O1013; O1033; O2912; O29121; O29122; O29123; O29129; O994; O9941; O99411; O99412; O99413; O9943; P290; P291; P960; Q246; R008; R09; R12; R570; R6251; R931; R9439; S260; S2601; S2601XA; S2601XD; S2601XS; S2691XS; T46995; T46995A; T46995D; T8111; T8111XA; T8111XD; T8209; T8209XA; T8209XD; T82191A; T82827A; T82827D; T82897A; T8622; T8629; T86298; T8632; T8642; Y840; Z824; Z8249; Z8679,Not Applicable,Not Applicable
Hypergonadism,C620; C6201; C6202; C621; C629; C6290; C6291; C6292; D72111; D892; E05; E080; E0800; E090; E110; E1100; E1101; E130; E163; E22; E221; E228; E229; E23; E230; E26; E260; E2609; E261; E268; E2689; E270; E275; E28; E280; E281; E282; E288; E289; E29; E290; E291; E298; E299; E311; E671; E701; E7253; E870; E871; E875; E895; F520; F5231; F5232; H47333; H5203; H9323; H93233; I152; K034; N43; N434; N4340; N4342; N44; N448; N45; N453; N4602; N46029; N4612; N46129; N700; N7003; N801; N8012; N80122; N833; N8331; N83312; N83319; N8333; N83332; N83339; N839; N850; N913; N914; N915; N970; N981; Q5301; Q5302; Q531; Q5313; Q532; Q5320; Q5321; Q5323; Q551; R492; R4921; R82992; R82993; R831; R851; R861; R862; R871; R872; R891; S374; S37401; S37401D; S37401S; S37402; S37402A; S37402D; S37402S; S37409S; S3749; S37491; S37491S; S37492; S37492A; S37492D; S37492S; S37499S; T38; T385X6; T385X6A; T385X6D; T386X5; T386X5A; T386X5D; T386X5S; T386X6; T386X6A; T386X6D; T387X6; T387X6A; T387X6D; T387X6S; T38816; T38816A; T38816D; T38816S; T389; T3890; T38906; T38906A; T38906D; T38906S; T38996; T38996A; T38996D; T38996S; T501X6A; T501X6D; Y9274; Z90721; Z90722,Not Applicable,Not Applicable
UTI,A0220; A0229; A028; A029; A048; A049; A058; A068; A08; A084; A088; A159; A1810; A1811; A1813; A188; A1889; A190; A288; A289; A418; A4189; A488; A49; A490; A4901; A4902; A491; A492; A493; A498; A499; A5275; A540; A5400; A5401; A5403; A5409; A541; A542; A5421; A5423; A5429; A5430; A5440; A549; A560; A5600; A5601; A5609; A561; A5619; A562; A563; A568; A5900; A5903; A598; A600; A6000; A6002; A6009; A63; A638; A64; A698; A699; A749; A888; B09; B34; B344; B348; B374; B3741; B3749; B3789; B668; B669; B673; B6739; B676; B6769; B698; B6989; B718; B719; B79; B958; B9620; B9622; B9623; B968; B9689; C14; C24; C26; C260; C269; C3410; C3430; C3480; C39; C390; C399; C4020; C4030; C4370; C441022; C441092; C441921; C441922; C441992; C446; C4460; C44601; C44602; C44609; C44621; C4469; C44691; C44692; C44699; C447; C4470; C44701; C44702; C44709; C44711; C44721; C4479; C44791; C44792; C44799; C4910; C4920; C4921; C49A0; C49A9; C4A60; C4A70; C50319; C50811; C50819; C509; C5091; C50911; C50912; C50919; C5092; C50921; C50922; C50929; C538; C57; C577; C578; C579; C6291; C63; C637; C639; C64; C641; C642; C649; C659; C669; C678; C679; C68; C688; C689; C6991; C6992; C76; C7650; C768; C774; C783; C79; C7900; C7902; C791; C7910; C7919; C798; C7989; C799; C7A00; C7A019; C7B00; C80; C8170; C8190; C8195; C8199; C8290; C8295; C8300; C8309; C8310; C8330; C8350; C8370; C8380; C8390; C8395; C8400; C8410; C8495; C84A0; C84A5; C84A9; C8510; C8515; C8518; C8519; C8520; C8580; C8585; C8589; C8590; C8595; C8599; D024; D0460; D0470; D073; D091; D0910; D0919; D098; D139; D144; D181; D2110; D2120; D2121; D2360; D2361; D2370; D2371; D28; D287; D289; D298; D299; D30; D308; D309; D36; D367; D369; D3A00; D418; D419; D758; D7589; E132; E1321; E1329; G5600; G568; G5680; G5681; G5682; G5683; G5700; G5720; G5750; G578; G5780; G5781; G5782; G5783; G579; G5791; G5793; G8310; G8320; G90519; G90523; G90529; G9059; H0100A; H0100B; H02002; H02102; H04301; H04302; H04303; H04309; H04329; H10501; H16303; H21519; H44003; H68103; H838X9; I212; I2129; I213; I229; I69149; I69239; I69249; I718; I719; I729; I77819; I8000; I8001; I8003; I8010; I802; I8020; I80201; I80202; I80203; I80209; I80219; I80291; I80293; I80299; I803; I808; I809; I83005; I83008; I83009; I83018; I83019; I83029; I8320; I83201; I83204; I83205; I83208; I83209; I83211; I83215; I83218; I83219; I83229; I83899; I86; I868; I87009; I87019; I87029; I87031; I87032; I87033; I87039; I87099; I87329; I87331; I87339; J028; J038; J0380; J0381; J06; J069; J15; J158; J208; J22; J39; J393; J398; J399; K27; K270; K271; K272; K273; K274; K275; K276; K277; K279; K4120; K4190; K56601; K567; K5780; K5792; K5793; K8060; K838; K839; K928; K9289; L02419; L0381; L03818; L088; L0889; L089; L8910; L89100; L89101; L89102; L89109; L89110; L89111; L89112; L89119; L89129; L8913; L89130; L89131; L89132; L89133; L89134; L89139; L89140; L89141; L89142; L89149; L89159; L89219; L89229; L89319; L89329; L894; L8940; L8941; L8942; L8943; L8944; L8945; L89519; L89619; L898; L8989; L89890; L89891; L89892; L89894; L89899; L899; L8990; L8991; L8992; L8993; L8994; L8995; L97; L97101; L97108; L97111; L97118; L97119; L97121; L97128; L97129; L97501; L97511; L97518; L97519; L97528; L97529; L978; L9780; L97801; L97804; L97805; L97806; L97808; L97809; L9781; L97811; L97818; L97819; L9782; L97821; L97828; L97829; L979; L9790; L97901; L97904; L97905; L97906; L97908; L97909; L9791; L97911; L97912; L97913; L97914; L97915; L97916; L97918; L97919; L9792; L97921; L97924; L97925; L97926; L97928; L97929; L98498; L98499; M0010; M0020; M0080; M00859; M00869; M00879; M0280; M0500; M0510; M0520; M0550; M0560; M0570; M057A; M0580; M058A; M0600; M060A; M0620; M0630; M0680; M0685; M06859; M0686; M06869; M0689; M068A; M0800; M0809; M080A; M0820; M082A; M0840; M084A; M0880; M0888; M0889; M0890; M0899; M089A; M1000; M1009; M1020; M1030; M10359; M10369; M1039; M1040; M1049; M1110; M1120; M1180; M1189; M1200; M1210; M1230; M1238; M1240; M1250; M1258; M1280; M1288; M1310; M13159; M1380; M1382; M1385; M13851; M13852; M13859; M1386; M13861; M13862; M13869; M1387; M13871; M13872; M13879; M1388; M1389; M1460; M1480; M1489; M1909; M1919; M1929; M199; M1990; M1991; M1992; M1993; M1A00; M1A00X0; M1A00X1; M1A09; M1A09X0; M1A09X1; M1A20; M1A20X0; M1A20X1; M1A29; M1A29X0; M1A30; M1A30X0; M1A30X1; M1A3510; M1A3590; M1A3591; M1A3610; M1A3690; M1A3691; M1A3710; M1A3711; M1A39; M1A39X0; M1A39X1; M1A40; M1A40X0; M1A40X1; M1A4590; M1A4591; M1A4690; M1A4691; M1A49; M1A49X0; M1A49X1; M2100; M2110; M2120; M2410; M2419; M2449; M2459; M2469; M2489; M2508; M2518; M2548; M2559; M2580; M2582; M2585; M25851; M25852; M25859; M2586; M25861; M25862; M25869; M2587; M25871; M25872; M25879; M3320; M4010; M40299; M4050; M4300; M4309; M4310; M4319; M4320; M435X9; M459; M45A0; M4600; M4620; M4630; M4631; M4632; M4633; M4634; M4635; M4636; M4637; M4638; M4639; M4640; M4642; M4643; M4644; M4646; M4647; M4649; M4650; M4659; M4680; M4687; M4689; M4690; M4699; M4720; M47819; M47899; M4800; M48061; M48062; M4807; M4830; M488X2; M488X3; M488X4; M488X6; M488X7; M488X8; M488X9; M5090; M5092; M5093; M532X9; M5380; M5400; M5410; M6000; M60009; M60069; M6008; M6010; M60169; M6080; M60869; M6088; M6100; M6150; M6210; M62169; M6220; M6240; M6500; M6510; M6518; M6519; M6520; M6528; M6580; M65869; M6588; M6589; M6720; M6730; M6738; M6780; M6788; M6789; M6790; M67951; M67961; M6798; M6799; M7090; M70951; M70952; M70959; M70961; M70962; M70969; M7099; M7100; M7110; M7119; M7130; M7139; M7150; M7158; M7180; M7188; M7189; M75101; M75102; M76; M768; M7689; M76891; M76892; M76899; M769; M7910; M79A9; M8080XA; M8430; M8430XA; M8430XD; M8430XP; M8438XA; M8440; M8440XA; M8440XD; M8440XK; M8440XP; M8448XA; M8460; M8460XA; M8460XD; M8460XK; M8460XP; M84639A; M84669A; M84859; M8500; M8510; M85169; M8518; M8530; M8540; M85459; M8550; M8560; M85659; M85669; M8568; M8569; M8580; M85851; M85861; M8588; M8589; M8600; M8608; M8610; M8618; M8619; M8620; M8630; M8640; M86469; M8648; M8649; M8650; M8658; M8659; M8660; M86651; M86659; M8668; M8669; M868X0; M868X8; M868X9; M8738; M8739; M8788; M8789; M8900; M89069; M8908; M8909; M8920; M8940; M8948; M8949; M8950; M8958; M89759; M898X0; M898X6; M898X8; M898X9; M9050; M90559; M90561; M90569; M9058; M9059; M9300; M93001; M93002; M93003; M93004; M93013; M93014; M93021; M93023; M93024; M9380; M93821; M93851; M93852; M93859; M93861; M93862; M93869; M9389; M9399; M948X0; M948X8; N051; N110; N13; N131; N133; N1330; N1370; N13721; N13722; N13729; N13739; N138; N139; N158; N159; N209; N218; N219; N22; N23; N28; N288; N2889; N289; N29; N300; N3000; N3001; N3010; N3011; N3020; N3021; N308; N3080; N3081; N309; N3090; N3091; N31; N319; N328; N3289; N329; N33; N34; N341; N342; N343; N35014; N35016; N3502; N35028; N351; N3511; N35111; N35114; N35116; N35119; N3512; N358; N3581; N35816; N35819; N3582; N359; N3591; N35911; N35912; N35913; N35914; N35916; N35919; N3592; N368; N369; N37; N39; N390; N394; N3949; N39498; N398; N399; N400; N401; N402; N403; N508; N5089; N631; N6310; N6312; N6313; N6314; N6315; N6325; N735; N739; N768; N7689; N771; N80391; N80392; N80399; N80A; N80A61; N80A63; N80C9; N8110; N814; N819; N821; N829; N849; N938; N948; N9489; N949; N99; N99114; N99116; N99521; N99524; N99531; N99538; N9962; O030; O0338; O035; O0388; O045; O0488; O070; O0738; O080; O0883; O23; O2300; O231; O2310; O2311; O2312; O232; O2320; O2321; O2322; O2323; O233; O2330; O2331; O2332; O2333; O234; O2340; O2341; O2342; O2343; O235; O23519; O2359; O23591; O23592; O23593; O23599; O239; O2390; O2391; O2392; O2393; O26839; O26892; O26899; O4110; O41101; O411010; O411011; O411012; O411013; O411014; O411015; O411019; O41102; O411020; O411021; O411022; O411023; O411024; O411025; O411029; O411030; O411031; O411032; O411033; O411034; O411035; O411039; O411090; O411091; O411092; O411093; O411094; O411095; O411099; O8600; O8601; O8603; O8609; O862; O8620; O8622; O8629; O868; O8689; O909; O98319; P393; P398; P399; Q018; Q6410; Q6411; Q6419; Q647; Q6470; Q648; Q649; Q7193; Q7270; Q7291; Q7293; R101; R1010; R103; R1030; R10819; R1900; R223; R2230; R2231; R2232; R2233; R2240; R2241; R2243; R309; R319; R32; R369; R39; R3912; R398; R3989; R399; R508; R82; R827; R8271; R8279; R8281; R829; R8290; R8299; R82998; R849; R869; R875; R8781; R8782; R879; R895; R899; R934; R9341; R9349; S00201A; S00201D; S00201S; S0269; S0280; S0280XA; S0280XB; S0280XD; S0280XG; S0280XK; S093; S09301A; S09301D; S09391; S09391A; S09391D; S09392A; S09392D; S09399A; S09399D; S168; S168XXA; S168XXD; S168XXS; S169; S169XXA; S169XXD; S20401A; S20401D; S21201A; S21201D; S21201S; S2239XD; S2249XA; S2249XD; S24101A; S24101D; S24102A; S24102D; S24104A; S24104D; S24104S; S25501A; S25501D; S25509A; S25509D; S25591; S25591A; S25591D; S25591S; S25592A; S25592D; S25599; S25599A; S25599D; S25599S; S25801; S25801A; S25801D; S25809; S25809A; S25809D; S25891; S25891A; S25891D; S25891S; S25892; S25892A; S25892D; S25899; S25899A; S25899D; S25899S; S2599XA; S2599XD; S278; S2789; S27898; S27898A; S27898D; S27899; S27899A; S27899D; S29002A; S29002D; S30; S308; S3082; S30820A; S30826; S3085; S309; S3091; S3091XA; S3091XD; S3091XS; S3095; S3095XA; S3095XD; S3095XS; S3097; S3097XA; S3097XS; S31; S3100; S31000; S31000A; S31000D; S31000S; S31001; S31001A; S31001D; S31001S; S31100A; S31100D; S31100S; S31101A; S31101D; S31101S; S31102A; S31102D; S31102S; S31103A; S31103D; S31103S; S31104A; S31104D; S31104S; S31105A; S31105D; S3140XA; S31502A; S31600D; S31600S; S31601S; S31603A; S31603D; S31603S; S31604S; S318; S32301D; S32301K; S32501D; S32501K; S32591A; S32591B; S32591D; S32591K; S329XXA; S329XXD; S329XXG; S329XXK; S34109A; S348XXA; S348XXD; S349; S349XXA; S349XXD; S349XXS; S3540; S35401A; S35401D; S35401S; S35402A; S35403A; S35404; S35404A; S35404D; S35404S; S35405; S35405A; S35405D; S35405S; S35406; S35406A; S35406D; S35406S; S3549; S35491A; S35491D; S35491S; S35492; S35492A; S35492D; S35492S; S35493; S35493A; S35493D; S35493S; S35494; S35494A; S35494D; S35494S; S35495; S35495A; S35495D; S35495S; S35496; S35496A; S35496D; S35496S; S358X1A; S358X8; S358X8A; S358X8D; S358X8S; S358X9; S358X9A; S358X9D; S358X9S; S359; S3590; S3590XA; S3590XD; S3590XS; S3591; S3591XA; S3591XD; S3591XS; S3599; S3599XA; S3599XD; S3599XS; S36408A; S36408D; S36409A; S36409D; S36899A; S36899D; S3690XA; S3690XD; S3699XA; S3699XD; S37; S37001; S37001A; S37001D; S37001S; S37002A; S37002D; S37099A; S3710; S3710XA; S3710XD; S3710XS; S3719; S3719XA; S3719XD; S3720; S3720XA; S3720XD; S3720XS; S3729; S3729XA; S3729XD; S3730; S3730XA; S3730XD; S3730XS; S3739; S3739XA; S3739XD; S37501; S37501A; S37501D; S37501S; S37502; S37502A; S37502D; S37502S; S37509; S37509A; S37509D; S37599A; S378; S3789; S37892A; S37892D; S37893A; S37898; S37898A; S37898D; S37898S; S37899; S37899A; S37899D; S37899S; S379; S3790; S3790XA; S3790XD; S3790XS; S3792; S3792XA; S3792XD; S3792XS; S3793; S3793XA; S3793XD; S3793XS; S3799; S3799XA; S3799XD; S3799XS; S39; S3900; S39001A; S39001D; S39002; S39002A; S39002D; S39002S; S39003; S39003A; S39003D; S39003S; S39092A; S39092D; S398; S3982; S3982XA; S3982XD; S3983; S3983XA; S399; S3992; S3992XA; S3992XD; S3993XA; S3993XD; S40921A; S40921D; S40921S; S41101A; S41101D; S42001D; S42201D; S42202D; S42401A; S42401B; S42401D; S42401G; S42401K; S42401P; S42402A; S42402D; S42402G; S42402K; S42402P; S42409D; S42409K; S42489A; S42489D; S42489G; S42489K; S42491D; S42493D; S42494A; S42494B; S42494D; S42494G; S42494K; S42494P; S42495D; S42496A; S42496D; S42496K; S43001A; S45199A; S45299A; S45299D; S45301; S45301A; S45301D; S45301S; S45302A; S45302D; S45302S; S45391; S45391A; S45391D; S45391S; S45392; S45392A; S45392D; S45392S; S45399; S45399A; S45399D; S45399S; S4580; S45801; S45801A; S45801D; S45801S; S45802; S45802A; S45802D; S45802S; S45809; S45809A; S45809D; S45809S; S45819; S4589; S45891; S45891A; S45891D; S45891S; S45892; S45892A; S45892D; S45892S; S45899; S45899A; S45899D; S45899S; S45901; S45901A; S45901D; S45901S; S45902D; S45902S; S45909D; S4599; S45991; S45991A; S45991D; S45991S; S45992; S45992A; S45992D; S45992S; S45999; S45999A; S45999D; S45999S; S46001A; S46001D; S4680; S46801; S46801A; S46801D; S46801S; S46802; S46802A; S46802D; S46802S; S46809; S46809A; S46809D; S46809S; S46891A; S46899A; S46899D; S4690; S46901; S46901A; S46901D; S46901S; S46902; S46902A; S46902D; S46902S; S46909; S46909A; S46909D; S46909S; S46911A; S46911D; S46911S; S46912A; S46912D; S46912S; S46921A; S46921D; S46921S; S46991; S46991A; S46991D; S46991S; S46992A; S46992D; S46992S; S46999A; S46999D; S46999S; S4980XA; S4980XD; S4981; S4981XA; S4981XD; S4982XA; S4982XD; S4991XA; S52001D; S52001E; S52501D; S52501E; S52501K; S52601A; S52601B; S52601D; S52601E; S52601F; S52601G; S52601H; S52601J; S52601K; S52601M; S52601N; S52601P; S52601Q; S52602A; S52602D; S52602E; S52602F; S52602G; S52602H; S52602K; S52602M; S52609D; S52609E; S52629D; S52629G; S52691B; S52691D; S52691E; S52691F; S52691H; S52691M; S52692E; S52699D; S52699E; S52699K; S53101A; S53102A; S55291A; S55291D; S55291S; S55299A; S55299D; S55299S; S55801A; S55801D; S55801S; S55802A; S55802D; S55891A; S55891D; S55891S; S55892A; S55892D; S55892S; S55899A; S55899D; S55899S; S55901S; S55991; S55991A; S55991D; S55991S; S55992A; S55992D; S55992S; S55999A; S55999D; S55999S; S56101A; S56101D; S56101S; S56201; S56201A; S56201D; S56201S; S56202A; S56202D; S56202S; S56209; S56301A; S56301D; S56501; S56501A; S56501D; S56501S; S56502A; S56801; S56801A; S56801D; S56801S; S56802A; S56802D; S56802S; S56809D; S56901; S56901A; S56901D; S56901S; S56902A; S56902D; S56902S; S56909D; S56911D; S56991A; S56991D; S56991S; S59001D; S59001K; S59002D; S59009D; S59009K; S65801A; S65801D; S65891A; S65891D; S65892A; S65899A; S65899D; S65899S; S65901D; S65901S; S65991A; S65991D; S65991S; S66001A; S66091A; S66099A; S66099D; S66100A; S66100D; S66100S; S66101A; S66101D; S66102A; S66102D; S66106A; S66106D; S66299A; S66299D; S66300A; S66300D; S66306A; S66801; S66801A; S66801D; S66801S; S66802A; S66802D; S66802S; S66809A; S66901D; S709; S70911D; S70921; S70921A; S70921D; S70921S; S71101; S71101A; S71101D; S72401; S72401A; S72401B; S72401D; S72401E; S72401F; S72401G; S72401H; S72401J; S72401K; S72401M; S72401N; S72401P; S72401Q; S72401R; S72402A; S72402B; S72402D; S72402E; S72402F; S72402G; S72402H; S72402K; S72402M; S72402P; S72402Q; S72409A; S72409D; S72409E; S72409G; S72409K; S72409M; S72411D; S72414A; S72414D; S72414E; S72414F; S72414G; S72414H; S72414K; S72414M; S72415D; S72415E; S72444A; S72444D; S72444E; S72444M; S72446A; S72446B; S72446D; S72446E; S72446G; S72446H; S72446K; S72446M; S72471D; S72479A; S72479D; S72479G; S72479K; S72479P; S72491D; S72491E; S72491G; S72491H; S72491K; S72491M; S72491Q; S72492E; S72499A; S72499D; S72499E; S72499G; S72499K; S72499M; S73001A; S7400XA; S7400XD; S7400XS; S7410; S7410XA; S7410XD; S7410XS; S748X9A; S748X9D; S748X9S; S7490XA; S7490XD; S7490XS; S7491; S7491XA; S7491XD; S7491XS; S7492XA; S7492XD; S7492XS; S75091; S75091A; S75091D; S75091S; S75092A; S75099A; S75099D; S7510; S75101; S75101A; S75101D; S75101S; S75102; S75102A; S75102D; S75102S; S75109; S75109A; S75109D; S75109S; S75129A; S7519; S75191; S75191A; S75191D; S75191S; S75192; S75192A; S75192D; S75192S; S75199; S75199A; S75199D; S75199S; S7520; S75201; S75201A; S75201D; S75201S; S75202; S75202A; S75202D; S75202S; S75209; S75209A; S75209D; S75209S; S75229A; S7529; S75291; S75291A; S75291D; S75291S; S75292; S75292A; S75292D; S75292S; S75299; S75299A; S75299D; S75299S; S7580; S75801; S75801A; S75801D; S75801S; S75802; S75802A; S75802D; S75802S; S75809; S75809A; S75809D; S75809S; S75819; S75819A; S75819D; S7589; S75891; S75891A; S75891D; S75891S; S75892; S75892A; S75892D; S75892S; S75899; S75899A; S75899D; S75899S; S759; S7590; S75901; S75901A; S75901D; S75901S; S75902; S75902A; S75902D; S75902S; S75909; S75909A; S75909D; S75909S; S75911A; S75911D; S75911S; S7599; S75991; S75991A; S75991D; S75991S; S75992; S75992A; S75992D; S75992S; S75999; S75999A; S75999D; S75999S; S76001; S76001A; S76001D; S76001S; S76002A; S76002D; S76091; S76091A; S76091D; S76091S; S76092A; S76092D; S76099; S76099A; S76099D; S76099S; S7610; S76101; S76101A; S76101D; S76101S; S76102; S76102A; S76102D; S76109D; S7619; S76191; S76191A; S76191D; S76191S; S76192; S76192A; S76192D; S76199; S76199A; S76199D; S76199S; S7620; S76201; S76201A; S76201D; S76201S; S76202; S76202A; S76202D; S76202S; S76209; S76209A; S76209D; S76209S; S76219A; S76299A; S76299D; S76301; S76301A; S76301D; S76301S; S76302; S76302A; S76302D; S76302S; S76309; S76309A; S76309D; S76309S; S76319A; S76391; S76391A; S76391D; S76391S; S76392; S76392A; S76392D; S76392S; S76399; S76399A; S76399D; S76399S; S768; S7680; S76801; S76801A; S76801D; S76801S; S76802; S76802A; S76802D; S76802S; S76809; S76809A; S76809D; S76809S; S7681; S76811; S76811A; S76811D; S76811S; S76812; S76812A; S76812D; S76812S; S76819; S76819A; S76819D; S76819S; S76821A; S76821D; S76829; S76829A; S76829D; S76829S; S7689; S76891; S76891A; S76891D; S76891S; S76892; S76892A; S76892D; S76892S; S76899; S76899A; S76899D; S76899S; S769; S7690; S76901; S76901A; S76901D; S76901S; S76902; S76902A; S76902D; S76902S; S76909; S76909A; S76909D; S76909S; S7691; S76911; S76911A; S76911D; S76911S; S76912; S76912A; S76912D; S76912S; S76919A; S76919D; S76921D; S76921S; S7699; S76991; S76991A; S76991D; S76991S; S76992; S76992A; S76992D; S76992S; S76999; S76999A; S76999D; S76999S; S79001D; S79001K; S79101A; S79101D; S79101G; S79101P; S79102D; S79102G; S79102K; S798; S79811A; S79812A; S79821A; S79821D; S79921D; S80829; S80829A; S80829D; S80829S; S809; S80911D; S8092; S80921; S80921A; S80921D; S80921S; S80922; S80922A; S80922D; S81801; S81801A; S81801D; S81801S; S81802; S81802A; S81802D; S81809A; S82101A; S82101D; S82101E; S82101G; S82101H; S82101K; S82101M; S82101P; S82102D; S82102E; S82102G; S82102K; S82301; S82301A; S82301B; S82301D; S82301E; S82301F; S82301G; S82301H; S82301J; S82301K; S82301M; S82301N; S82301P; S82301Q; S82301R; S82301S; S82302A; S82302B; S82302D; S82302E; S82302G; S82302H; S82302K; S82302M; S82302P; S82309D; S82309E; S82309G; S82309K; S82311D; S82319A; S82319D; S82319G; S82319K; S82391D; S82391E; S82391G; S82391H; S82391K; S82391M; S82399D; S82399E; S82399G; S82399K; S82829D; S82891E; S82891M; S82899D; S82899E; S82899K; S82899M; S8290XD; S8290XE; S8290XK; S8290XM; S8291; S8291XA; S8291XB; S8291XD; S8291XE; S8291XF; S8291XG; S8291XH; S8291XJ; S8291XK; S8291XM; S8291XN; S8291XP; S8291XQ; S8291XR; S8292XD; S8292XE; S8292XK; S8292XM; S83101A; S839; S8390; S8390XA; S8390XD; S8391; S8391XA; S8391XD; S8391XS; S8392; S8392XA; S8392XD; S8400; S8400XA; S8400XD; S8400XS; S8401XA; S8401XD; S8401XS; S8410XA; S8410XD; S8410XS; S8420XA; S84801A; S84809; S84809A; S84809D; S84809S; S8490XA; S8490XD; S8490XS; S8491; S8491XA; S8491XD; S8491XS; S8492XA; S8492XD; S8492XS; S85121A; S85121D; S85121S; S85122A; S8530; S85301; S85301A; S85301D; S85301S; S85302; S85302A; S85302D; S85302S; S85309; S85309A; S85309D; S85309S; S85319A; S8539; S85391; S85391A; S85391D; S85391S; S85392; S85392A; S85392D; S85392S; S85399; S85399A; S85399D; S85399S; S85401; S85401A; S85401D; S85401S; S85402; S85402A; S85402D; S85402S; S85409; S85409A; S85409D; S85409S; S85491; S85491A; S85491D; S85491S; S85492; S85492A; S85492D; S85492S; S85499; S85499A; S85499D; S85499S; S85591A; S8580; S85801; S85801A; S85801D; S85801S; S85802; S85802A; S85802D; S85802S; S85809; S85809A; S85809D; S85809S; S8589; S85891; S85891A; S85891D; S85891S; S85892; S85892A; S85892D; S85892S; S85899; S85899A; S85899D; S85899S; S859; S8590; S85901; S85901A; S85901D; S85901S; S85902; S85902A; S85902D; S85902S; S85909; S85909A; S85909D; S85909S; S85911A; S85911D; S85911S; S8599; S85991; S85991A; S85991D; S85991S; S85992; S85992A; S85992D; S85992S; S85999; S85999A; S85999D; S85999S; S86091A; S8610; S86101; S86101A; S86101D; S86101S; S86102; S86102A; S86102D; S86102S; S86109; S86109A; S86109D; S86109S; S86111A; S86119; S86119A; S86119D; S86199A; S86199D; S8620; S86201; S86201A; S86201D; S86201S; S86202; S86202A; S86202D; S86202S; S86209; S86209A; S86209D; S86209S; S86211A; S86211D; S86219; S86219A; S86219D; S86219S; S86291A; S86291D; S86291S; S86299A; S86299D; S86299S; S8630; S86301; S86301A; S86301D; S86301S; S86302; S86302A; S86302D; S86302S; S86309; S86309A; S86309D; S86309S; S86319A; S86319D; S86391A; S86399A; S86399D; S86399S; S8680; S86801; S86801A; S86801D; S86801S; S86802; S86802A; S86802D; S86802S; S86809; S86809A; S86809D; S86809S; S86811; S86811A; S86811D; S86811S; S86812A; S86812D; S86819; S86819A; S86819D; S86819S; S86891; S86891A; S86891D; S86891S; S86892A; S86892D; S86892S; S86899; S86899A; S86899D; S86899S; S869; S8690; S86901; S86901A; S86901D; S86901S; S86902; S86902A; S86902D; S86902S; S86909; S86909A; S86909D; S86909S; S86911; S86911A; S86911D; S86911S; S86912; S86912A; S86912D; S86912S; S86919; S86919A; S86919D; S86919S; S86921; S86921A; S86921D; S86921S; S86922A; S86922D; S86922S; S86929; S86929A; S86929D; S86929S; S8699; S86991; S86991A; S86991D; S86991S; S86992; S86992A; S86992D; S86992S; S86999; S86999A; S86999D; S86999S; S88019A; S88019D; S88019S; S88029A; S88029D; S88119; S88119A; S88119D; S88119S; S88129A; S88129D; S88129S; S88911A; S88911D; S89; S89101A; S89101D; S89101G; S89101K; S89101P; S89101S; S89102A; S89102D; S89102K; S89301D; S89301K; S898; S8980; S8980XA; S8980XD; S8980XS; S8981; S8981XA; S8981XD; S8981XS; S8982; S8982XA; S8982XD; S899; S8991; S8991XA; S8991XD; S8991XS; S8992; S8992XA; S8992XD; S90934; S90934A; S90934D; S90934S; S91104; S91104A; S91104D; S91104S; S91105A; S91105D; S91105S; S91204A; S91204D; S91204S; S922; S92201; S92201A; S92201B; S92201D; S92201G; S92201K; S92201P; S92201S; S92202A; S92202D; S92202G; S92202K; S92209D; S92501D; S92504A; S92504D; S92504G; S92504K; S92911D; S92911K; S92912D; S93101; S93101A; S93101D; S93101S; S93102; S9491XS; S95801; S95801A; S95801D; S95801S; S95802; S95802A; S95802D; S95802S; S95809; S95809A; S95809D; S95809S; S9589; S95891; S95891A; S95891D; S95891S; S95892; S95892A; S95892D; S95892S; S95899; S95899A; S95899D; S95899S; S95901; S95901A; S95901D; S95901S; S95902; S95902A; S95902D; S95902S; S95909; S95909A; S95909D; S95909S; S9599; S95991; S95991A; S95991D; S95991S; S95992; S95992A; S95992D; S95992S; S95999; S95999A; S95999D; S95999S; S96001; S96001A; S96001D; S96001S; S96002; S96002A; S96002D; S96002S; S96009; S96009A; S96009D; S96009S; S96019A; S96091A; S96091S; S96099A; S96099D; S96099S; S9610; S96101; S96101A; S96101D; S96101S; S96102; S96102A; S96102D; S96102S; S96109; S96109A; S96109D; S96109S; S96119A; S96119D; S9619; S96191; S96191A; S96191D; S96191S; S96192; S96192A; S96192D; S96192S; S96199; S96199A; S96199D; S96199S; S96291S; S9680; S96801; S96801A; S96801D; S96801S; S96802; S96802A; S96802D; S96802S; S96809; S96809A; S96809D; S96809S; S96811A; S96811D; S96812A; S96812D; S96819A; S96819D; S9689; S96891; S96891A; S96891D; S96891S; S96892; S96892A; S96892D; S96892S; S96899; S96899A; S96899D; S96899S; S96901; S96901A; S96901D; S96901S; S96902D; S96902S; S96909A; S96909D; S96911A; S96911D; S96911S; S96912A; S96912D; S9699; S96991; S96991A; S96991D; S96991S; S96992; S96992A; S96992D; S96992S; S96999; S96999A; S96999D; S96999S; S99821A; S99821D; S99822A; T14; T148; T148XXA; T148XXD; T148XXS; T17808; T17808A; T17808D; T17808S; T17908; T17908A; T17908D; T17908S; T17918A; T17918D; T17918S; T17928A; T17928D; T17998; T17998A; T17998D; T17998S; T198XXA; T199; T199XXA; T199XXD; T199XXS; T2200; T2200XA; T2200XD; T2209; T22091; T22091A; T22091D; T22091S; T22092; T22092A; T22092D; T22099; T22099A; T22099D; T22099S; T22199A; T22299A; T2240; T2240XA; T2240XD; T2249; T22491; T22491A; T22491D; T22491S; T22492; T22492A; T22492D; T22492S; T22499; T22499A; T22499D; T22499S; T22699A; T2400; T24001; T24001A; T24001D; T24001S; T24002; T24002A; T24002D; T24002S; T24009; T24009A; T24009D; T24009S; T2409; T24091; T24091A; T24091D; T24091S; T24092; T24092A; T24092D; T24092S; T24099; T24099A; T24099D; T24099S; T2410; T24101; T24101A; T24101D; T24101S; T24102; T24102A; T24102D; T24102S; T24109; T24109A; T24109D; T24109S; T24191A; T24191D; T24199; T24199A; T24199D; T24199S; T2420; T24201; T24201A; T24201D; T24201S; T24202; T24202A; T24202D; T24202S; T24209; T24209A; T24209D; T24209S; T24291A; T24291D; T24299; T24299A; T24299D; T24299S; T24301; T24301A; T24301D; T24301S; T24302A; T24302D; T24309A; T24309D; T24399A; T2440; T24401; T24401A; T24401D; T24401S; T24402; T24402A; T24402D; T24402S; T24409; T24409A; T24409D; T24409S; T2449; T24491; T24491A; T24491D; T24491S; T24492; T24492A; T24492D; T24492S; T24499; T24499A; T24499D; T24499S; T24501; T24501A; T24501D; T24501S; T24502; T24502A; T24502D; T24502S; T24509A; T24599A; T24599D; T24601; T24601A; T24601D; T24601S; T24602; T24602A; T24602D; T24602S; T24609A; T24609D; T24699A; T24699D; T24701A; T24701D; T24702A; T273; T273XXA; T273XXD; T277; T277XXA; T277XXD; T277XXS; T30; T79A29; T79A29A; T79A29D; T79A29S; T79A9XA; T80219A; T80219D; T8140; T8140XA; T8141XA; T8143; T8143XA; T8149; T8149XA; T81711A; T83018A; T83038A; T83098A; T83098D; T8311; T83111A; T83111D; T83113; T83113A; T83113D; T83118; T83118A; T83118D; T8319; T83191A; T83191D; T83193; T83193A; T83193D; T83198; T83198A; T83198D; T8321XA; T8329; T8329XA; T8329XD; T83498A; T835; T83518; T83518A; T83518D; T8359; T83590A; T83591; T83591A; T83591D; T83591S; T83592A; T83593; T83593A; T83593D; T83593S; T83598; T83598A; T83598D; T83598S; T8359XA; T8359XD; T8359XS; T8379XA; T838; T8385XA; T8389; T8389XA; T8389XD; T8389XS; T839; T839XXA; T839XXD; T839XXS; T84019A; T8589; T85898A; T85898D; T8589XA; T8589XD; T8693; T8740; T8741; T8743; Y846; Z8059; Z8550; Z8559; Z8744; Z87440; Z87448; Z906; Z9350; Z949,Not Applicable,Not Applicable
Diabetes,A30; A5601; A90; B02; B20; B340; B3741; B960; B962; B9620; B966; B970; B9733; B9734; B9735; D469; D550; D572; D582; D6802; D68020; D75A; D806; D811; D813; D8132; D8139; D82; D828; D829; E01; E011; E018; E08; E080; E0800; E0801; E081; E0810; E0811; E082; E0821; E0822; E0829; E083; E0831; E08311; E08319; E0832; E08321; E083211; E083212; E083213; E083219; E08329; E083291; E083292; E083293; E083299; E0833; E08331; E083311; E083312; E083313; E083319; E08339; E083391; E083392; E083393; E083399; E0834; E08341; E083411; E083412; E083413; E083419; E08349; E083491; E083492; E083493; E083499; E0835; E08351; E083511; E083512; E083513; E083519; E08352; E083521; E083522; E083523; E083529; E08353; E083531; E083532; E083533; E083539; E08354; E083541; E083542; E083543; E083549; E08355; E083551; E083552; E083553; E083559; E08359; E083591; E083592; E083593; E083599; E0836; E0837; E0837X1; E0837X2; E0837X3; E0837X9; E0839; E084; E0840; E0841; E0842; E0843; E0844; E0849; E085; E0851; E0852; E0859; E086; E0861; E08610; E08618; E0862; E08620; E08621; E08622; E08628; E0863; E08630; E08638; E0864; E08641; E08649; E0865; E0869; E088; E089; E09; E090; E0900; E0901; E091; E0910; E0911; E092; E0921; E0922; E0929; E093; E0931; E09311; E09319; E0932; E09321; E093211; E093212; E093213; E093219; E09329; E093291; E093292; E093293; E093299; E0933; E09331; E093311; E093312; E093313; E093319; E09339; E093391; E093392; E093393; E093399; E0934; E09341; E093411; E093412; E093413; E093419; E09349; E093491; E093492; E093493; E093499; E0935; E09351; E093511; E093512; E093513; E093519; E09352; E093521; E093522; E093523; E093529; E09353; E093531; E093532; E093533; E093539; E09354; E093541; E093542; E093543; E093549; E09355; E093551; E093552; E093553; E093559; E09359; E093591; E093592; E093593; E093599; E0936; E0937; E0937X1; E0937X2; E0937X3; E0937X9; E0939; E094; E0940; E0941; E0942; E0943; E0944; E0949; E095; E0951; E0952; E0959; E096; E0961; E09610; E09618; E0962; E09620; E09621; E09622; E09628; E0963; E09630; E09638; E0964; E09641; E09649; E0965; E0969; E098; E099; E10; E101; E1010; E1011; E102; E1021; E1022; E1029; E103; E1031; E10311; E10319; E1032; E10321; E103211; E103212; E103213; E103219; E10329; E103291; E103292; E103293; E103299; E1033; E10331; E103311; E103312; E103313; E103319; E10339; E103391; E103392; E103393; E103399; E1034; E10341; E103411; E103412; E103413; E103419; E10349; E103491; E103492; E103493; E103499; E1035; E10351; E103511; E103512; E103513; E103519; E10352; E103521; E103522; E103523; E103529; E10353; E103531; E103532; E103533; E103539; E10354; E103541; E103542; E103543; E103549; E10355; E103551; E103552; E103553; E103559; E10359; E103591; E103592; E103593; E103599; E1036; E1037; E1037X1; E1037X2; E1037X3; E1037X9; E1039; E104; E1040; E1041; E1042; E1043; E1044; E1049; E105; E1051; E1052; E1059; E106; E1061; E10610; E10618; E1062; E10620; E10621; E10622; E10628; E1063; E10630; E10638; E1064; E10641; E10649; E1065; E1069; E108; E109; E11; E110; E1100; E1101; E111; E1110; E1111; E112; E1121; E1122; E1129; E113; E1131; E11311; E11319; E1132; E11321; E113211; E113212; E113213; E113219; E11329; E113291; E113292; E113293; E113299; E1133; E11331; E113311; E113312; E113313; E113319; E11339; E113391; E113392; E113393; E113399; E1134; E11341; E113411; E113412; E113413; E113419; E11349; E113491; E113492; E113493; E113499; E1135; E11351; E113511; E113512; E113513; E113519; E11352; E113521; E113522; E113523; E113529; E11353; E113531; E113532; E113533; E113539; E11354; E113541; E113542; E113543; E113549; E11355; E113551; E113552; E113553; E113559; E11359; E113591; E113592; E113593; E113599; E1136; E1137; E1137X1; E1137X2; E1137X3; E1137X9; E1139; E114; E1140; E1141; E1142; E1143; E1144; E1149; E115; E1151; E1152; E1159; E116; E1161; E11610; E11618; E1162; E11620; E11621; E11622; E11628; E1163; E11630; E11638; E1164; E11641; E11649; E1165; E1169; E118; E119; E13; E130; E1300; E1301; E131; E1310; E1311; E132; E1321; E1322; E1329; E133; E1331; E13311; E13319; E1332; E13321; E133211; E133212; E133213; E133219; E13329; E133291; E133292; E133293; E133299; E1333; E13331; E133311; E133312; E133313; E133319; E13339; E133391; E133392; E133393; E133399; E1334; E13341; E133411; E133412; E133413; E133419; E13349; E133491; E133492; E133493; E133499; E1335; E13351; E133511; E133512; E133513; E133519; E13352; E133521; E133522; E133523; E133529; E13353; E133531; E133532; E133533; E133539; E13354; E133541; E133542; E133543; E133549; E13355; E133551; E133552; E133553; E133559; E13359; E133591; E133592; E133593; E133599; E1336; E1337; E1337X1; E1337X2; E1337X3; E1337X9; E1339; E134; E1340; E1341; E1342; E1343; E1344; E1349; E135; E1351; E1352; E1359; E136; E1361; E13610; E13618; E1362; E13620; E13621; E13622; E13628; E1363; E13630; E13638; E1364; E13641; E13649; E1365; E1369; E138; E139; E15; E21; E222; E23; E232; E236; E34; E34321; E34322; E35; E503; E673; E72; E7251; E74; E741; E7410; E7419; E748; E7481; E74810; E74818; E74819; E7489; E7521; E7522; E78; E781; E888; E8881; E8889; F01A0; F01B0; F01C0; F02A0; F02A1; F02B0; F02B1; F02C0; F02C1; F05; F0631; F0632; F320; F321; F323; F53; G20; G30; G37; G378; G379; G40833; G40834; G70; G710; G7101; G71033; G711; G7111; G7119; G93; G96; H0412; H04129; H16033; H18039; H18513; H18519; H18893; H352; H3520; H3521; H3522; H3523; H35369; H4051; H4051X1; H4051X2; H4051X3; H4052; H4052X1; H4052X2; H4052X3; H4053; H4053X1; H4053X2; H4053X3; H4061X1; H4061X3; H4062X1; H57; H578; H5789; H59093; H748X3; H7583; I25708; I518; I5189; I70334; I70344; K29; K31; K318; K3189; K319; K50018; K50019; K50118; K508; K5081; K50818; K50819; K86; K900; K92; K9281; M331; M8506; M85069; M8926; N18; N182; N251; N37; N488; N4889; O24; O240; O2401; O24011; O24012; O24013; O24019; O2402; O2403; O241; O2411; O24111; O24112; O24113; O24119; O2412; O2413; O243; O2431; O24311; O24312; O24313; O24319; O2432; O2433; O244; O2441; O24410; O24414; O24415; O24419; O2442; O24420; O24424; O24425; O24429; O2443; O24430; O24434; O24435; O24439; O248; O2481; O24811; O24812; O24813; O24819; O2482; O2483; O249; O2491; O24911; O24912; O24913; O24919; O2492; O2493; O987; O9871; O98719; O9873; O992; O9928; O99280; O99281; O99282; O99283; O99285; O993; O99345; O9963; O9981; O99810; O99814; O99815; P700; P701; P702; Q541; Q8501; Q8502; Q90; R300; R470; R73; R730; R7301; R7302; R7303; R7309; R739; R82992; T383; T383X; T383X1; T383X1A; T383X1D; T383X1S; T383X2; T383X2A; T383X2D; T383X2S; T383X3; T383X3A; T383X3D; T383X3S; T383X4; T383X4A; T383X4D; T383X4S; T383X5; T383X5A; T383X5D; T383X5S; T383X6; T383X6A; T383X6D; T383X6S; T39396A; T426X6A; T428X6A; T428X6S; T43506A; T43506D; T43596A; T44906A; T460X6A; T466X6; T466X6A; T466X6D; T466X6S; T46906A; T46906D; T46906S; T46996A; T476X6; T476X6A; T476X6D; T476X6S; T478X6A; T4796XA; T4796XD; T4796XS; T504X6A; T50906; T50906A; T50906D; T50906S; T50916; T50916A; T50916D; T50916S; T50996; T50996A; T50996D; Y636; Y832; Y841; Z131; Z13228; Z794; Z7984; Z7985; Z82; Z833; Z863; Z8631; Z8632; Z8639,Not Applicable,Not Applicable
Interstitial Lung Disease,A202; A212; A310; A420; B250; B371; B380; B381; B382; B391; B392; B410; B420; B440; B441; B450; B460; B484; B583; B671; D860; E840; H163; H1632; H16321; H16322; H16323; H16329; H1639; H16392; I27; I270; I2722; I2723; I278; I2789; I279; I28; I288; I31; J1001; J120; J16; J17; J44; J440; J449; J61; J63; J633; J636; J65; J678; J69; J690; J691; J698; J700; J701; J702; J703; J704; J81; J811; J82; J828; J8281; J8282; J8289; J84; J840; J8401; J8402; J8403; J8409; J841; J8410; J8411; J84111; J84112; J84113; J84114; J84115; J84116; J84117; J8417; J84170; J84178; J842; J848; J8481; J8482; J8483; J8484; J84841; J84842; J84843; J84848; J8489; J849; J951; J953; J95859; J982; J984; K7402; M0510; M05139; M05179; M3212; M3213; M3481; M601; M6010; M6011; M60111; M60112; M60119; M6012; M60121; M60122; M60129; M6013; M60131; M60132; M60139; M6014; M60141; M60142; M60149; M6015; M60151; M60152; M60159; M6016; M60161; M60162; M60169; M6017; M60171; M60172; M60179; M6018; M6019; M84675D; M84675G; M8468XA; N15; N158; N159; N16; N301; N3010; N3011; O991; O9913; O9953; O9973; P25; P250; P258; Q335; R844; R847; R91; S254; S25492S; T8282; T82827; T82827A; T82827D; T82827S; T82828A; T8482XA; T8582; T85828; T85828A; T85828D; T85828S; T8582XA; T8582XD; T8582XS; T8633; T8639; T86812,Not Applicable,Not Applicable
Hypoparathyroidism,A8181; B02; B39; B58; B710; C13; C4371; C44711; C44712; C44719; C4A70; D0471; D093; D107; D180; D3A096; D45; D464; D500; D508; D518; D550; D564; D58; D582; D588; D596; D62; D64; D730; D75A; D800; D806; D812; D813; D8132; D8139; D830; D832; D838; D84; D8489; E01; E012; E018; E02; E03; E030; E032; E039; E05; E058; E06; E062; E065; E07; E071; E080; E0832; E083211; E083212; E083213; E083291; E083292; E083293; E083311; E083312; E083313; E083391; E083392; E083393; E0834; E083411; E083412; E083413; E083491; E083492; E083493; E0864; E10; E101; E1032; E10321; E103211; E103212; E103213; E103219; E103291; E103292; E103293; E1033; E10331; E103311; E103312; E103313; E103319; E10339; E103391; E103392; E103393; E1034; E10341; E103411; E103412; E103413; E103419; E10349; E103491; E103492; E103493; E103499; E103591; E103592; E1063; E10638; E1064; E1065; E11; E110; E1101; E111; E1132; E11321; E113211; E113212; E113213; E113219; E11329; E113291; E113292; E113293; E113299; E1133; E11331; E113311; E113312; E113313; E113319; E11339; E113391; E113392; E113393; E113399; E1134; E11341; E113411; E113412; E113413; E113419; E11349; E113491; E113492; E113493; E113499; E113511; E113512; E113519; E113551; E113552; E113591; E113592; E1137X3; E1139; E1159; E11618; E1163; E11638; E1164; E1165; E133212; E133311; E133312; E133411; E133412; E133413; E133491; E20; E200; E201; E208; E209; E21; E210; E212; E213; E214; E215; E22; E228; E229; E23; E230; E231; E236; E237; E26; E260; E2609; E261; E268; E2689; E281; E34; E34321; E360; E3601; E3602; E507; E508; E518; E55; E61; E67; E670; E671; E673; E701; E7041; E7049; E7221; E7421; E8311; E83110; E8331; E8332; E8341; E8342; E8351; E8352; E861; E87; E870; E871; E873; E875; E876; E892; E893; E896; E89821; F40291; F4520; F4521; F4529; F481; F530; G40101; G40109; G40201; G40209; G43C; G523; G64; G700; G81; G82; H02012; H02102; H02103; H02105; H02111; H02112; H02113; H02114; H02115; H02116; H02122; H02125; H02152; H02153; H0220A; H0221A; H0221B; H0221C; H02712; H02731; H02732; H02733; H02862; H0288A; H04001; H04002; H04003; H04011; H04013; H04019; H04023; H041; H04201; H04202; H04211; H04213; H04219; H052; H05241; H05242; H05243; H0525; H05251; H05252; H05253; H05259; H0526; H05261; H05262; H05263; H05269; H054; H05403; H05411; H05412; H05413; H05419; H05421; H10231; H10232; H10233; H110; H11001; H11002; H11003; H11023; H11032; H11033; H11039; H11041; H11042; H11043; H11049; H11051; H11053; H11061; H11063; H11069; H11431; H11432; H11433; H1603; H16031; H16032; H16033; H16039; H2005; H20051; H20052; H20053; H20059; H2101; H2102; H2103; H30032; H30041; H30042; H30043; H30891; H30892; H33331; H35711; H40121; H4312; H444; H44421; H44423; H4443; H44431; H44432; H44433; H44439; H4444; H44441; H44442; H44443; H4481; H44811; H44812; H44813; H4601; H4602; H4603; H471; H4711; H4712; H47331; H47333; H47391; H47392; H501; H50111; H50121; H50122; H50131; H50132; H5014; H50141; H50142; H5015; H5016; H5017; H5018; H5033; H50331; H50332; H5034; H505; H5052; H520; H5201; H5202; H5203; H53141; H5451; H5452; H5461; H5462; H57; H5711; H5911; H59111; H59112; H59113; H59121; H59122; H59123; H59311; H59312; H59313; H59322; H59323; H59331; H59332; H59333; H59343; H60321; H60322; H604; H6040; H6041; H6042; H6043; H60503; H61; H61003; H61013; H61023; H61029; H61892; H61893; H6193; H6241; H6501; H6504; H65111; H65191; H65193; H6521; H65491; H65492; H65493; H70091; H7011; H7012; H70891; H70892; H71; H710; H7101; H7103; H7113; H7121; H7123; H7131; H7132; H7133; H7191; H7192; H74321; H74322; H74323; H748X1; H748X2; H748X3; H7493; H7583; H8110; H8111; H8112; H8113; H8123; H813; H8131; H81311; H81312; H81313; H8139; H81391; H81392; H81393; H81399; H814; H8141; H8142; H8143; H818; H818X; H818X1; H818X2; H818X3; H8191; H821; H822; H8301; H8302; H8303; H832X1; H832X2; H832X3; H832X9; H901; H9011; H9012; H907; H9071; H9072; H90A; H90A1; H90A11; H90A12; H90A2; H90A21; H90A3; H90A31; H90A32; H92; H9201; H9202; H9203; H921; H9211; H9212; H9213; H9221; H9222; H9223; H931; H9311; H9313; H93221; H93231; H93232; H93233; H93A1; H93A2; H93A3; H9501; H951; H95111; H95112; H95113; H95191; H95192; H95193; H9521; I152; I69139; I69141; I69143; I69144; I69149; I69159; I69231; I69233; I69234; I69239; I69241; I69242; I69243; I69244; I69249; I6925; I69251; I69252; I69253; I69254; I69259; I69859; I803; I872; I953; J31; K069; L64; L648; L68; L688; L711; L74519; L80; M05631; M05632; M11231; M11232; M11241; M11251; M11252; M1230; M1233; M12331; M12332; M12339; M1234; M12341; M12342; M12349; M1235; M12351; M12352; M12359; M1238; M1239; M1240; M12411; M12412; M12422; M1243; M12431; M12432; M12439; M1244; M12441; M12442; M12449; M1245; M12451; M12452; M12459; M12471; M12472; M12479; M1248; M1249; M16; M1811; M1812; M1830; M1831; M1832; M1903; M19031; M19032; M23251; M23351; M23352; M2413; M24131; M24132; M24841; M25431; M25432; M25452; M2553; M25531; M25532; M257; M2571; M25711; M25712; M2572; M25721; M25722; M2573; M25731; M25732; M25739; M2574; M25741; M25742; M2575; M25751; M25752; M2576; M25761; M25762; M26629; M62041; M62042; M772; M7721; M7722; M86531; M86532; M8654; M86541; M86542; M8733; M87341; M87342; M87377; M87378; M8783; M87841; M87842; M8923; M89241; M89242; M8944; M89441; M89442; M90811; M9082; M90821; M90822; M90831; M90832; M9084; M90841; M90842; M90861; M9088; M9089; M93241; M93242; M93831; M93841; M94231; M94232; N451; N460; N461; N4612; N46123; N46129; N8183; N91; N944; N946; O23522; O24; O240; O24012; O24013; O241; O24112; O24113; O24415; O24425; O24435; O360110; O360111; O360112; O360113; O360114; O360115; O360119; O36012; O360120; O360121; O360122; O360123; O360124; O360125; O360129; O36013; O360130; O360131; O360132; O360133; O360134; O360135; O360139; O360190; O360191; O360192; O360193; O360194; O360195; O36192; O361921; O361923; O361924; O361925; O3622X0; O3622X1; O3622X2; O3622X3; O3622X5; O3622X9; O3623X1; O3623X2; O3623X3; O3623X5; O3623X9; O365931; O36822; O368220; O368221; O368222; O368223; O368224; O368225; O368229; O36823; O368231; O368232; O368233; O368234; O368235; O368239; O368311; O368312; O368313; O368314; O368315; O36832; O368320; O368321; O368322; O368323; O368324; O368325; O36833; O368330; O368331; O368332; O368333; O368334; O368335; O4102X3; O4102X4; O4102X5; O4102X9; O4103X2; O4103X5; O4103X9; O41122; O411221; O411222; O411223; O411224; O411225; O411229; O411231; O411232; O411233; O411234; O411235; O411239; O4423; O4432; O872; O905; O9081; O923; O990; O99012; O99013; O9903; O99112; O992; O9928; O99280; O99281; O99282; O99283; O99285; O993; P611; P711; P712; P714; P7421; P7422; P7431; P7432; P74422; P9162; Q02; Q11; Q112; Q185; Q226; Q234; Q54; Q540; Q541; Q542; Q543; Q548; Q549; Q712; Q7121; Q7122; Q7123; Q7133; Q752; Q784; Q792; Q8501; Q8502; Q8901; Q9388; Q963; R064; R201; R361; R453; R470; R4921; R51; R571; R631; R680; R740; R7402; R82991; R8582; R8781; R8782; R87820; R87821; R891; S0002XS; S00221S; S0042; S00421; S00421S; S00422; S0082XS; S26020S; S40821S; S40822S; S42261K; S42264A; S42264B; S42264G; S42264K; S42264S; S42265K; S42265S; S4421XS; S4422XS; S45811S; S50821S; S53094S; S56001S; S56021S; S56301; S56301A; S56301D; S56301S; S56302A; S56302D; S56302S; S56311S; S56312S; S56321; S56321A; S56321D; S56321S; S56322A; S56322D; S56322S; S56329S; S56391A; S56391S; S56392S; S58121S; S58122S; S60311S; S60312S; S6032; S60321; S60321S; S60322; S60322S; S60329S; S60391S; S60392S; S60420S; S60422S; S60426; S60426S; S60511S; S6052; S60521; S60521S; S60522; S60522S; S60529S; S60541S; S6082; S60821; S60821D; S60821S; S60822; S60822S; S60931S; S62174K; S62184A; S62184D; S62184G; S62184K; S62184S; S62185A; S62185D; S62185G; S62185K; S62331D; S62341K; S62360D; S62360G; S62360K; S62361D; S62361G; S62361K; S62362D; S62362G; S62362K; S62363G; S62363K; S62514A; S62514B; S62514G; S62514K; S62515A; S62521D; S62521G; S62524A; S62524B; S62524D; S62524G; S62524K; S62524P; S62524S; S62525A; S62525B; S62525D; S62525G; S62525K; S62525P; S62525S; S62662D; S62662G; S62666D; S63001S; S63014S; S63044A; S63044S; S63091S; S63114S; S63121A; S63121D; S63121S; S63124; S63124A; S63124D; S63124S; S63125A; S63125S; S63131A; S63134A; S63134S; S63141; S63141A; S63141D; S63141S; S63142A; S63142D; S63142S; S63143A; S63144; S63144A; S63144D; S63144S; S63145; S63145A; S63145D; S63145S; S63146A; S63292A; S6421XS; S6422XS; S6431XS; S65011S; S65012S; S65091S; S65101S; S65102S; S65111S; S65112S; S65191S; S65192S; S65401S; S65411S; S65801S; S65802S; S65811A; S65811S; S65812S; S65819S; S65891S; S65892S; S65901S; S65902S; S65911S; S65912S; S65991S; S65992S; S66001S; S66002S; S66021S; S66022S; S66201A; S66201D; S66201S; S66202A; S66202D; S66202S; S66209S; S66211S; S66221; S66221A; S66221D; S66221S; S66222A; S66222D; S66222S; S66229S; S66291A; S66291S; S66292A; S66292S; S66306S; S66326S; S66821S; S66822S; S66921S; S66922S; S68421S; S68422S; S68511S; S68521S; S70221; S70221D; S70221S; S70222; S70222S; S70321S; S72025M; S72444E; S72444M; S72444N; S72445M; S72445N; S80821S; S80822S; S80829S; S82854M; S83261S; S90414S; S90421S; S90424; S90424A; S90424D; S90424S; S90425; S90425A; S90425D; S90425S; S90426; S90426D; S90426S; S90821S; S92514G; S92514K; S92515K; S92524A; S92524B; S92524D; S92524G; S92524K; S92524P; S92524S; S92525D; S92525G; S92525K; S92534A; S92534B; S92534D; S92534G; S92534K; S92534S; S92535D; S92535G; S92535K; S93114A; S93114S; S93134; S93134A; S93134D; S93134S; S98211S; S98212S; S98219S; S98221S; S98222S; S98229S; T1581; T1581XS; T1582XS; T22091S; T22092S; T22191D; T22191S; T22192S; T2220XS; T22291; T22291A; T22291D; T22291S; T22292; T22292A; T22292D; T22292S; T22299S; T2230XS; T22391; T22391A; T22391D; T22391S; T22392A; T22392D; T22392S; T22399S; T2240; T2240XA; T2240XD; T2240XS; T2249; T22491; T22491A; T22491D; T22491S; T22492; T22492A; T22492D; T22492S; T22499; T22499A; T22499D; T22499S; T2250XS; T2259; T22591; T22591A; T22591D; T22591S; T22592; T22592A; T22592D; T22592S; T22599; T22599S; T2260; T2260XA; T2260XD; T2260XS; T2269; T22691; T22691A; T22691D; T22691S; T22692; T22692A; T22692D; T22692S; T22699; T22699A; T22699D; T22699S; T2270; T2270XA; T2270XD; T2270XS; T2279; T22791; T22791A; T22791D; T22791S; T22792; T22792A; T22792D; T22792S; T22799; T22799A; T22799D; T22799S; T23241S; T23292S; T23391S; T23392S; T23431S; T23432S; T23441S; T23442; T23442A; T23442S; T23491; T23491D; T23491S; T23492; T23492A; T23492D; T23492S; T23531S; T23532S; T23541S; T23542S; T23591S; T23592S; T23601S; T23621S; T23622S; T23631S; T23632; T23632A; T23632S; T23641; T23641S; T23642; T23642A; T23642D; T23642S; T23649S; T23691; T23691S; T23692; T23692S; T23701S; T23731S; T23741S; T23742S; T23791; T23791D; T23791S; T23792; T23792A; T23792D; T23792S; T23799S; T24401S; T24491A; T24491D; T24491S; T24492S; T24501S; T24591S; T24601S; T24602S; T24691S; T24692S; T24701; T24701A; T24701D; T24701S; T24702A; T24702D; T24702S; T24791A; T24791D; T24791S; T24792S; T38; T381X6A; T381X6S; T382X5A; T382X5S; T382X6; T382X6A; T383X6; T383X6A; T386X5A; T386X5S; T386X6; T386X6A; T386X6S; T3881; T38815A; T38815S; T38816; T38816A; T38816D; T38816S; T389; T3890; T38905S; T38906S; T3899; T38991S; T38995; T38995A; T38995D; T38995S; T38996A; T38996S; T3996XA; T3996XD; T3996XS; T484X6A; T500X5; T500X5A; T500X5S; T500X6A; T500X6S; T50906A; T50916A; T50916S; T673; T673XXS; T676XXS; T68; T68XXXS; T702; T7020XS; T7029XS; T712; T7120; T7120XA; T7120XD; T7120XS; T7523XS; T803; T8030; T8030XA; T8030XD; T8030XS; T80310S; T80311A; T80311S; T80319S; T8039XS; T804; T8040; T8040XA; T8040XD; T8040XS; T80410; T80410A; T80410D; T80410S; T80411; T80411A; T80411D; T80411S; T80419; T80419S; T8049; T8049XA; T8049XD; T8049XS; T80919S; T80A; T80A0; T80A0XA; T80A0XD; T80A0XS; T80A10A; T80A10S; T80A11; T80A11A; T80A11S; T80A19S; T80A9; T80A9XA; T80A9XD; T80A9XS; T84050S; T84051S; T84058A; T84058D; T84058S; T84059S; T84418S; T85310S; T85311S; T85618S; W9411XS; Y836; Z6711; Z6731; Z863; Z8639; Z8673; Z87710,Not Applicable,Not Applicable
Hyperparathyroidism,A1881; A5146; C492; C73; C750; C751; C7A091; C7A094; C7A096; C7B03; D351; D3A091; D3A094; D3A096; D442; D56; D730; D8686; E02; E05; E053; E0530; E0531; E058; E06; E062; E070; E20; E200; E201; E208; E209; E21; E210; E211; E212; E213; E214; E215; E22; E221; E228; E229; E23; E230; E236; E237; E26; E260; E2609; E261; E268; E2689; E269; E670; E673; E701; E7041; E8311; E83110; E8331; E8339; E8341; E8342; E8351; E8352; E85; E861; E871; E875; E876; E892; G90A; H05259; H110; H1100; H11002; H11003; H1101; H11011; H11012; H11013; H11019; H1106; H11062; H11069; H4481; H520; H5200; H5201; H5202; H5203; H8110; H8111; H8112; H931; I15; I152; I953; K380; L68; M0221; M02212; M0225; M02251; M02252; M02259; M0228; M110; M1100; M1101; M11011; M11012; M11019; M1102; M11021; M11022; M1103; M11031; M11032; M11039; M1104; M11041; M11042; M11049; M1105; M11051; M11052; M11059; M11062; M1107; M11071; M11072; M11079; M1108; M1109; M1111; M11111; M11112; M11119; M11131; M11132; M1115; M11151; M11152; M11159; M1118; M1125; M11251; M11252; M11259; M1128; M12452; M12479; M125; M1251; M1253; M12532; M1254; M1255; M12551; M12552; M12559; M16; M250; M2500; M2503; M2505; M25052; M257; M2570; M2571; M25711; M25712; M25719; M2572; M2573; M25731; M25732; M2575; M25751; M25752; M25759; M2576; M25771; M25772; M25775; M2578; M2607; M2665; M26651; M26652; M26653; M26659; M362; M462; M4841XS; M4844XS; M6103; M6121; M61211; M61212; M6123; M61231; M61232; M6124; M61241; M61251; M61271; M6143; M61432; M6523; M65231; M65232; M65239; M6525; M65251; M65252; M6526; M6527; M65279; M7532; M76; M7612; M76891; M77; M80; M80011A; M80011K; M80011S; M80012; M80012A; M80012K; M80012S; M80019S; M80021S; M80022; M80022A; M80022K; M80022S; M8003; M80031; M80031A; M80031K; M80031S; M80032; M80032A; M80032D; M80032G; M80032K; M80032S; M80039S; M80042K; M80042S; M80052K; M80052S; M80061K; M80062K; M80062S; M8008; M8008XK; M8081; M80811A; M80812; M80812A; M80812K; M80812S; M80822A; M8083; M80832; M80832A; M80832K; M80832S; M8088; M8088XK; M8441; M84411A; M84411K; M84411S; M84412A; M84412K; M84412S; M84422A; M84422K; M84422S; M84431S; M84432; M84432A; M84432S; M84439S; M84441S; M84442S; M84443A; M84443S; M84454; M84454K; M84459; M84459A; M84459K; M84459S; M84478; M84479; M84611A; M84612; M84612A; M84612K; M84612S; M8462; M84622; M84622A; M84622K; M84622S; M84631; M84631A; M84631S; M84632; M84632A; M84632S; M84639S; M84641S; M84669A; M84669S; M852; M87; M87312; M8732; M87322; M87335; M87350; M87378; M88; M88831; M88832; M894; M8941; M8943; M89432; M895; M8951; M89511; M89512; M89519; M89522; M8953; M89531; M89532; M89539; M8954; M8955; M89551; M89552; M8956; M89569; M89571; M89579; M908; M9080; M9081; M90811; M90812; M90819; M9082; M90821; M90822; M90829; M9083; M90831; M90832; M90839; M9084; M90841; M90842; M90849; M9085; M90851; M90852; M9086; M90861; M90862; M90869; M9087; M90871; M90872; M90879; M9088; M9089; M93831; M93832; M9390; M9391; M93912; M9392; M9393; M93931; M93932; M9397; M9702XS; M9732XS; M978XXS; N250; N2581; Q779; Q782; R064; R82994; S025XXS; S2312; S23120; S23120S; S23121S; S23122; S23122S; S23123S; S2313; S23130; S23130A; S23130S; S23131; S23131S; S4225; S42251B; S42251K; S42251S; S42252B; S42252D; S42252K; S42252S; S42253S; S42254B; S42254K; S42254S; S42255A; S42255B; S42255G; S42255K; S42255S; S42256S; S42261K; S42261S; S42262B; S42262K; S42262S; S42263S; S42264B; S42264K; S42264S; S42265B; S42265K; S42265S; S42266S; S42402K; S42482S; S42489S; S4302; S49101K; S49101S; S49102K; S49102S; S49191S; S49192K; S49192S; S5312; S53121A; S53121S; S53122A; S53122S; S53124S; S53125S; S53126S; S59001S; S59002K; S59002S; S62306S; S62307S; S63066S; S63134S; S63144S; S63282S; S730; S7301; S73011A; S73012; S73015S; S79002K; S79002S; S79101S; S79102K; S79102S; S83121D; S83121S; S89001S; S89002S; S89101K; S89101S; S89102K; S89102S; T84041S; T84048S; T8405; T84050; T84050A; T84050D; T84050S; T84051; T84051A; T84051D; T84051S; T84058; T84058A; T84058D; T84058S; T84059; T84059A; T84059D; T84059S,Not Applicable,Not Applicable
Hyperthyroidism,A010; A1881; A1882; A35; A5430; A59; A5903; A599; B58; B580; B5800; B5801; B581; B582; B5881; B6731; B68; B680; B681; B75; B9733; C73; C759; C7A094; D093; D34; D3A094; D440; D56; D582; D7583; D75838; D806; D824; D892; E009; E01; E010; E011; E012; E018; E02; E03; E030; E031; E032; E034; E038; E039; E04; E040; E041; E042; E048; E049; E05; E050; E0500; E0501; E051; E0510; E0511; E052; E0520; E0521; E053; E0530; E0531; E054; E0540; E0541; E058; E0580; E0581; E059; E0590; E0591; E06; E060; E061; E062; E063; E064; E065; E069; E07; E071; E078; E0781; E0789; E079; E083532; E103212; E103292; E103312; E103392; E103412; E103492; E103519; E103592; E1064; E1065; E113312; E113392; E1165; E20; E200; E208; E209; E21; E210; E212; E214; E215; E22; E221; E228; E229; E23; E230; E236; E237; E26; E2609; E268; E2689; E329; E34; E348; E349; E35; E670; E671; E673; E701; E8341; E8342; F341; F410; F633; G252; G70; G700; G90A; H024; H0240; H02401; H02402; H02403; H0242; H02421; H02422; H02423; H02429; H02433; H10439; H401214; H4030X4; H4031X0; H4031X4; H4032X0; H4032X4; H405; H4050; H4050X0; H4050X1; H4050X2; H4050X3; H4050X4; H4051; H4051X0; H4051X1; H4051X2; H4051X3; H4051X4; H4052; H4052X0; H4052X1; H4052X2; H4052X3; H4052X4; H4053; H4053X0; H4053X1; H4053X2; H4053X4; H4443; H44431; H44432; H44439; H49; H498; H4988; H49881; H49882; H49883; H49889; H499; H5021; H5022; H520; H5200; H5201; H5202; H5203; H53002; H5303; H53031; H53032; H53033; H53039; H5781; H57812; H57813; H57819; H931; I47; I471; I479; I48; I489; I69269; I748; I82; I822; I8229; I82290; I82291; I825Y3; I826; I82603; I8262; I82621; I82622; I82623; I827; I8270; I82701; I82702; I82703; I8272; I82721; I82722; I82723; I82729; J37; J38; J387; L68; M26619; M2669; O24013; O3682; O36821; O368219; O36822; O368223; O368224; O368229; O36823; O368231; O368232; O368233; O368234; O368235; O368239; O36829; O368291; O368292; O368293; O368294; O368295; O368299; O905; P721; P722; R064; R251; R946; S1110XS; S1114XA; S1114XD; S1114XS; S1115XS; S135XXA; S135XXD; S135XXS; S1984; S1984XA; S1984XD; S1984XS; S2311; S2312; S2313; S24141A; S24141D; S24141S; S24143A; S24143D; S24143S; S24144A; S24144D; S24149A; S24149D; S24149S; T381; T381X; T381X1; T381X1A; T381X1D; T381X1S; T381X2; T381X2A; T381X2D; T381X2S; T381X3; T381X3A; T381X3D; T381X3S; T381X4; T381X4A; T381X4D; T381X4S; T381X5; T381X5A; T381X5D; T381X5S; T381X6; T381X6A; T381X6D; T381X6S; T382X3; T382X3A; T382X3D; T382X3S; T382X4; T382X4A; T382X4D; T382X4S; T382X5; T382X5A; T382X5D; T382X5S; T883XXA; T883XXD; T883XXS; Z85850,Not Applicable,Not Applicable
Pneumonia,A0103; A0222; A15; A150; A155; A157; A158; A159; A202; A212; A221; A251; A280; A310; A37; A370; A3700; A3701; A371; A3710; A3711; A378; A3780; A3781; A3790; A3791; A403; A4152; A420; A430; A482; A5004; A5272; A5484; B012; B052; B0681; B250; B302; B371; B402; B420; B4481; B460; B59; B7781; B909; B953; B960; B961; B974; C34; C340; C3401; C3402; C341; C3410; C3411; C3412; C342; C343; C3430; C3431; C3432; C348; C3481; C3482; C349; C3491; C3492; C39; C399; C7A090; D022; D0221; D0222; D023; D14; D143; D1430; D1431; D1432; D144; D3A090; D860; G001; G80; G82; H105; H5940; H95111; I26; I260; I2601; I2609; I269; I2690; I2699; I27; I2723; I278; I2781; I2789; I279; I28; I288; J02; J020; J028; J04; J069; J09X1; J09X2; J100; J1000; J1001; J1008; J101; J110; J1100; J1108; J111; J12; J120; J121; J122; J123; J128; J1281; J1282; J1289; J129; J13; J14; J15; J150; J151; J152; J1520; J1521; J15211; J15212; J1529; J153; J154; J155; J156; J157; J158; J159; J16; J160; J168; J17; J18; J180; J181; J182; J188; J189; J20; J200; J201; J202; J203; J204; J205; J206; J208; J209; J210; J211; J218; J22; J31; J39; J392; J398; J399; J41; J411; J44; J440; J441; J449; J47; J470; J471; J479; J60; J61; J628; J64; J65; J670; J677; J680; J69; J690; J691; J698; J70; J705; J80; J8281; J8282; J8411; J84111; J84114; J84115; J84116; J84117; J842; J85; J851; J852; J86; J95; J951; J956; J9561; J9562; J957; J9571; J9572; J958; J9582; J95821; J95822; J9583; J95830; J95831; J9585; J95851; J95859; J9586; J95860; J95861; J95863; J9588; J9589; J96; J960; J9600; J9601; J9602; J9610; J962; J9620; J969; J9690; J9691; J9692; J98; J980; J9801; J9809; J981; J9811; J984; J989; J99; K634; M001; M0013; M00131; M00132; M0015; M00151; M00152; M0016; M00161; M00162; M0019; M051; M0510; M0511; M05111; M05119; M0512; M05121; M05129; M0513; M05131; M05132; M05139; M0514; M05141; M05149; M0515; M05151; M05152; M05159; M0516; M05161; M05162; M05169; M3321; M84621A; M84621D; M84651A; M84651D; M96A; M96A2; M96A3; N136; O2901; O29011; O29012; O29013; O29019; O29029; O740; O890; O8901; O8909; O995; O9951; O99519; O9952; O9953; P22; P220; P228; P229; P23; P230; P231; P232; P233; P234; P235; P236; P238; P239; P2400; P2401; P2410; P2411; P2420; P2421; P2430; P2431; P2480; P2481; P252; P253; P260; P27; P271; P278; P279; P28; P280; P285; P289; Q322; Q323; Q324; Q332; Q333; Q336; Q338; R04; R042; R048; R0489; R049; R0603; R062; R068; R0689; R07; R071; R846; R91; S2241XA; S25411D; S25411S; S25421A; S25421D; S25421S; S272; S273; S2731; S27311D; S27312; S27312A; S27312D; S27312S; S27319; S27319A; S27319D; S27319S; S2732; S27329A; S27329S; S2733; S27332S; S27339S; S2739; S27392; S27392A; S27392S; S27399A; S27399D; S27399S; S274; S2740; S27401; S27401A; S27401D; S27401S; S27402; S27402A; S27402D; S27402S; S27409; S27409A; S27409D; S27409S; S2741; S27411; S27411A; S27411D; S27411S; S27412; S27412A; S27412D; S27412S; S27419; S27419A; S27419D; S27419S; S2742; S27421; S27421A; S27421D; S27421S; S27422; S27422A; S27422D; S27422S; S27429; S27429A; S27429D; S27429S; S2743; S27431; S27431A; S27431D; S27431S; S27432; S27432A; S27432D; S27432S; S27439; S27439A; S27439D; S27439S; S2749; S27491; S27491A; S27491D; S27491S; S27492; S27492A; S27492D; S27492S; S27499; S27499A; S27499D; S27499S; T175; T17500; T17500A; T17500D; T17500S; T17508A; T17508D; T1751; T17510; T17510A; T17510D; T17510S; T17518; T17518A; T17518D; T17518S; T1752; T17520; T17520A; T17520D; T17520S; T17528; T17528A; T17528D; T1759; T17590; T17590A; T17590D; T17590S; T17598; T17598A; T17598D; T17810; T17810A; T17810D; T17810S; T17900D; T17910; T17910A; T17910D; T17910S; T17918A; T271XXA; T271XXD; T272; T272XXA; T272XXD; T272XXS; T273; T273XXA; T273XXD; T273XXS; T489; T4890; T4899; T48992A; T48992D; T48994; T48994A; T48994D; T48994S; T48995A; T48996A; T711; T7119; T71191A; T71191D; T71192; T71192A; T71192D; T71192S; T71193A; T71194; T71194A; T71194D; T71194S; T81536A; T86812; T86818; Z836; Z851; Z8511; Z85118; Z870; Z8701; Z8709; Z9912,Not Applicable,Not Applicable
